date,theme,source,title,link,summary,score,comment
2026-06-22,日本株 注目 銘柄,ダイヤモンド・オンライン,【日本株】2026年・夏の｢おすすめ高配当株｣2銘柄！業績好調で営業益が過去最高の｢Umios｣、同業他社より高配当で割安な｢長谷工コーポレーション｣に注目！ - ダイヤモンド・オンライン,https://news.google.com/rss/articles/CBMiU0FVX3lxTE91Q3hGdE9NV29wdzlDUF9JNkZManRUR2dlUUFnUUJibmw5azY1Z2ttUkZCNDhjeW8tbGxrN000REFVV0I2ZUJQOXZpSTloM090WFdN?oc=5,,,
2026-06-22,日本株 注目 銘柄,株探,本日注目の【自社株買い】銘柄 (19日大引け後 発表分) - 株探,https://news.google.com/rss/articles/CBMiYEFVX3lxTE05bXMwVHhSMklvaUZNbHdzZmIwUUhnTDE1MFQzU0RnY2dDZzFEY18zakhDRUtydVkwaTZfbThOdl9FVlAyeUxGSEczZUgtcXdWSi1MUDF3TGYtNHN2U1ZRXw?oc=5,,,
2026-06-22,日本株 注目 銘柄,Yahoo!ファイナンス,テクニカルで選ぶ注目銘柄：セコム＝ストキャスティクスが好転する中、５日・２５日の両移動平均線を上回る - Yahoo!ファイナンス,https://news.google.com/rss/articles/CBMihwFBVV95cUxOeWdfSHJVRHZvNS1DVGpyb05hSWRVWWY4d3JtX0VjOTZmYmxua0gyZWdLNS1wbHRQb1ctX21yTlFMYWhIazd2ZU1SbzA4RGlPUkg3cUhCRzE1djRxMF9lNHhiVU9Nb3l0MmNwbkVpamRrcU9JT0dodVk0Sm14anNfSnhUTlRCTW8?oc=5,,,
2026-06-22,日本株 注目 銘柄,nomura.co.jp,バフェット銘柄の特性を踏まえた日本株のスクリーニング（2026年4月） 野村證券ストラテジストが解説 - nomura.co.jp,https://news.google.com/rss/articles/CBMiX0FVX3lxTFBhSTRPS0dieTlLOGZocGo3UU1jRXlTZWJvc294TDBteFN1TkpPTnBveG1Ec3Z5ZEQzcXhXREVYOThKOWk1eENaVTNyR09yM1V6S0Uyd3M3RjZKNzBVRzdB?oc=5,,,
2026-06-22,日本株 注目 銘柄,株探,注目銘柄ダイジェスト（前場）:サツドラホールディングス、シンカ、パワーエックスなど - 株探,https://news.google.com/rss/articles/CBMiYEFVX3lxTE5QRmFZVDR5QlJvcExmYVlrc1NaZ1RPZ1hQTnY1NmxLM1VpcXhCS1hrVHZxaGt4VzNpM0h3dG5rX0JiTWJJTGs0cWNpNEdhOXM1N2FUX2lBQy1ORVd2Tjl3Zg?oc=5,,,
2026-06-22,日本株 注目 銘柄,マネクリ,【日本株】アスリートから一般層へ、需給ひっ迫で関心が高まる「ホエイプロテイン」関連銘柄 - マネクリ,https://news.google.com/rss/articles/CBMiVEFVX3lxTE5jQVRsbFdKU1l4U1VCaGg1VV9LUXpqYnlSNThWeURQVDdISExla0tJRHNRMzF0WEhvZ2NfYUhyWWs0TE9pMW1tSm9pcDhjdFpjb1J4MdIBV0FVX3lxTFAxLW9JaG9TSG9BUzYtNzNBUmJqcjZSSGNyV3Y4UnlSa2NqaUZUS1VKWVpZeHNoSkZDZl84dHZqOHFVcTQyY2FTYmxzQkIzdWdwRDRJOW1COA?oc=5,,,
2026-06-22,日本株 注目 銘柄,ダイヤモンド・オンライン,【日本株】2026年・夏の｢おすすめ10万円株｣2銘柄！eギフトのサービスを展開する｢ギフティ｣、株高や企業変革を追い風に伸びる｢大和証券グループ本社｣に注目 - ダイヤモンド・オンライン,https://news.google.com/rss/articles/CBMiU0FVX3lxTE14dTEwTVd3Z0JlR2dHVW1Cei1aV1dTeHJQdHNTaXpUUEFGb3ltVC1SZEp1NXk1cjcwWEhtUGNnVHJRRzhJcFB5Q1BfLXQyQ3pIZ0M0?oc=5,,,
2026-06-22,日本株 注目 銘柄,みんかぶ,＜注目銘柄＞＝ヒロセ電、４期ぶり最高益へ増額期待も - みんかぶ,https://news.google.com/rss/articles/CBMiRkFVX3lxTE9GWkgyUnFvbmw3QU80ck9HSExzVDc0WXY2ZG1EajA4My16RnpLX1pyMWt1ZjJRT2hoZXRFYnJxNDZnT3BPSGc?oc=5,,,
2026-06-22,決算 上方修正,株探,フジクラ、今期経常を45％上方修正・最高益予想を上乗せ - 株探,https://news.google.com/rss/articles/CBMiUkFVX3lxTE5NT3RkQXVoMDJTRjM5RTJlQlR2YkU5VVlXR0tsT2h2cHpfT1hDUE52N3Jvcm9VTHRpRV9YQ3poc1BKZy1EMUh0ZFF3b1VPaXp0Z2c?oc=5,,,
2026-06-22,決算 上方修正,Yahoo!ファイナンス,北川精機---ストップ高、業績・配当予想を上方修正(フィスコ) - Yahoo!ファイナンス,https://news.google.com/rss/articles/CBMihwFBVV95cUxPVkZqR012dlpnSjhOV082TGxwR2dOZnV4NFlCR21wRFVZcUsyb1MxV3VTem52UGoyZE40SWR2dVpaZEdIRUdLZVZVRWdIV20yWFJoZ2luMzBXLUFPYWNCdFYwMjg3QkRSZTlwdWpHMFhMb0dxNklCeW5iTTFlQTlzbk1EZkVNSDg?oc=5,,,
2026-06-22,決算 上方修正,ダイヤモンド・オンライン,北川精機---ストップ高、業績・配当予想を上方修正 - ダイヤモンド・オンライン,https://news.google.com/rss/articles/CBMiU0FVX3lxTE80aDVvM3hGenhXdmZrRGZlUnN1NXR5eERJcTZuMkFSYWhEQ3Q1QVpIaGJGWE9icnVBM3RicHdUaFozdVM0bWRZOWdkUUVPcGxZZXJR?oc=5,,,
2026-06-22,決算 上方修正,nomura.co.jp,"2026年末の日本株見通しを日経平均株価60,000円に上方修正 総選挙結果と決算を反映 野村證券ストラテジストが解説 - nomura.co.jp",https://news.google.com/rss/articles/CBMiX0FVX3lxTE5oSWU3ZUtYb2J2YW9yMmlwdDNBbFh2RG1jUldFU0FiSW9EYmhxZEdQeGxFS3gwTDZIWFo4THEzSnpRZVZpWlk1ZlpEN21HNFRuMXRubkhGYjJqYzhka0lv?oc=5,,,
2026-06-22,決算 上方修正,SBI証券,決算発表接近！好決算・上方修正期待のプライム8銘柄 - SBI証券,https://news.google.com/rss/articles/CBMif0FVX3lxTE1QWmxWbVM0UHV0U0JRWWlCNWhGbnp5Ym5ZT1plVmJ0eW9RcmFzZUFCU3pDNWxONF9DM3RBbmZUaTJIaE43ZHRrWjBBbktURkxNNGd6U0NFczBQeHByNzV4YjJiLVpIMXBrNEZSd2hOVUpLSjhGaFBSekxvUWtlc3M?oc=5,,,
2026-06-22,決算 上方修正,マネーポストWEB,《億り人・古賀真人氏が厳選》住友電工だけじゃない！フジクラ上方修正で連れ高期待の「AI特需」3銘柄 電線株だけでなく重電セクターにも強烈な追い風に - マネーポストWEB,https://news.google.com/rss/articles/CBMiR0FVX3lxTE4yaEU2RE5fZ2tIVHhBZUsxMF9WRjRWeVVJakE0bnBDb2tIMXNmMk13VjBYQlcyTTNlSkxoTmtVQkMxZURRWFpJ?oc=5,,,
2026-06-22,決算 上方修正,株探,「電線」が２９位、フジクラの業績上方修正で人気復活機運＜注目テーマ＞ - 株探,https://news.google.com/rss/articles/CBMiYEFVX3lxTFBTUFV1OFFTUUpYMWlWbGFtU1Nja2MweFdiT0djRGx6amhWRV9fZ013QnhRWkVRYTRYNENfVkJzT05OMG1UWjBOQ1V0V0RBVjFsWVBHRTdVQlBRMzZ1dEdoYQ?oc=5,,,
2026-06-22,決算 上方修正,Yahoo!ファイナンス,【決算速報】フジクラ、今期経常を45％上方修正・最高益予想を上乗せ(株探ニュース) - Yahoo!ファイナンス,https://news.google.com/rss/articles/CBMihwFBVV95cUxNWGNfeTVSRFRCY0ZyTWI2VmUtdFFDbXBLMUJBeHowSktub1ByYlpjdEU5THRWaDhEQVVEdGp4SkZQYTIyRmhfNVFLaTkza29hQlVBQ0dDUmZQWlM0Tk9VaDVGNDY2T3lfRk1UTmtDbnZYYThRMl9Idy1KdFNaTUQxNldsS0pNYlE?oc=5,,,
2026-06-22,半導体 関連株,株探,次なる爆騰ルート！ AI半導体相場5合目で仕込む「化学株」特選5 ＜株探トップ特集＞ - 株探,https://news.google.com/rss/articles/CBMiYEFVX3lxTE41TW5xVGlHaTFpZmpLMnFxTGFubkhXeWVnOXZjVUFfZXBEQ002bV8zZDF2OFRZT0trcEV1R0hZaHFMYTBGRXNNWHBxMzg0OC1HcXBsbldaS19lWG1LeS1lZw?oc=5,,,
2026-06-22,半導体 関連株,Reuters,午前の日経平均は続伸、最高値 米半導体株高で関連株上昇 - Reuters,https://news.google.com/rss/articles/CBMigAFBVV95cUxQdEtMUFlENjdIdl9wencxUkNPaHpLa21zaUQ0SUIzMEVJVGZla2JXUW1xeUN4U2FRVXNuckd3c0lJekROZ09YcVJrQ3hKSGhaUDJaYzdJUnpITmsxTlVWSE11RXItaExlRHg0M2JTNDZVem5rQUloN0kyYzZyaTJ6ag?oc=5,,,
2026-06-22,半導体 関連株,日本経済新聞,投信の1年リターン、上位に半導体関連が並ぶ - 日本経済新聞,https://news.google.com/rss/articles/CBMibEFVX3lxTE0tUXc1YUp5UWtmV2MwTHFIQlZvam9Fc1Y5YlRhZ3BwdVJkak9fTGpnWGtrUjd5S0I1cWV0MkRVVnpJbUNYTDNER0dWa3pVdGdKSHJ2NHdqMzk0bVVOSFNZTXN2cE9MdkNKYVkwNg?oc=5,,,
2026-06-22,半導体 関連株,Yahoo!ファイナンス,【杉村富生の短期相場観測】 ─AI・半導体＆DC効果に乗る銘柄群！(株探ニュース) - Yahoo!ファイナンス,https://news.google.com/rss/articles/CBMihwFBVV95cUxQREJXbWZyR01EeEFMcUtaWjZtaGo5TmhGY1FvZV9ackZaaWlKSDctTEJtX1c4QndYdVgwYndoU0pCakZUbUI3bFgzUVVoUlJHRU8yZmhFU1pYcWc1d29MTlo4dXRGaEEzWUphenNHam1fS0Y4TzhfcmIxeFd3NDE3TkZYb0N6ajQ?oc=5,,,
2026-06-22,半導体 関連株,四季報オンライン,出遅れ半導体関連として注目！25日線上を回復した部品株 - 四季報オンライン,https://news.google.com/rss/articles/CBMiV0FVX3lxTFBIT2V6LUNZanMtcnY1ZUtnUS1SaTFzdXFoWGVYc2ZtS1J1Uk9Ka0VidVZQeUNpT1I0ZW93azNVZmIxYXF0RWgzTGxqa3pVUHZWVkZkdHFRZw?oc=5,,,
2026-06-22,半導体 関連株,株探,【村瀬智一が斬る！深層マーケット】AI・半導体関連のローテーションが意識されてくる - 株探,https://news.google.com/rss/articles/CBMiYEFVX3lxTFB4VjBFUkhMd1dMZHlaejBNMElqRHQzbmtlSFNKSC14czlweWh0LWFlUENRaTlGcjF1cHFlMm5mdXByWVViUDBvTUc0NmpwTFIyc29kdkhCZnJfVnZKTmUxcA?oc=5,,,
2026-06-22,半導体 関連株,日本経済新聞,7万円台突入の日本株 米マイクロン決算が試す - 日本経済新聞,https://news.google.com/rss/articles/CBMifkFVX3lxTE5WVVAxQmJCZ0wxU0hlMGx6OGRJaFctRWwxcnd4Vl9teFJybTVzWk5KY2xQWU5WQ3VvZ3E4OWpfM1Zrd3NSWWY0SXZkb0VJbzFnRjdSOUUyMzZmT21HVUhiTFFqOWVLbzkzMldjTG9oQlJIekJrcDNGM2RLdXVGZw?oc=5,,,
2026-06-22,半導体 関連株,株探,有機薬が底値圏から急浮上、ＡＩ半導体製造工程で必須のアミノ酸関連として頭角現す - 株探,https://news.google.com/rss/articles/CBMiUkFVX3lxTE1RWGtnZVlJMzJiTFNxUlhnWUtVX2hFNXlnUGhsUlQ1MnhuY2JtT3FFRzE0clh3ck9nTXQwYWZMblgxVXBUZjJkS0pUbVlLUGJwS1E?oc=5,,,
2026-06-22,AI 関連 日本株,株探,AI関連株物色が続き初の72000円台【クロージング】 - 株探,https://news.google.com/rss/articles/CBMiYEFVX3lxTE4xSjZMd3NVZTBlR3dkWXlPNzd6UHg3TGJDcHprekZDelhvZG82R1JNaFh5WU1KQ0lxOHU0Q3pmZEVrNjBUbDA1SEVZaExUXzVmSEVJYmY1bGhXTTVodGwxVA?oc=5,,,
2026-06-22,AI 関連 日本株,Yahoo!ファイナンス,今週のマーケット：AI株の強気な相場は続騰か、調整か(トウシル) - Yahoo!ファイナンス,https://news.google.com/rss/articles/CBMihwFBVV95cUxPU2txakNNWGJuTWw4UF8xTHpxN3BrbU90clFUMHdfb3pQeHVHMHF2RFZOOVZkYWtyWXo1ZVFnbFFTSk53UGhUSkgwR1hTNHJubUhtaEdsay1vM2t1M09TRUJ3bGhtSnFCSE5XajUyMWNrUUJDaWVqdjdQVVlWNWlra1ZpaUh4X2c?oc=5,,,
2026-06-22,AI 関連 日本株,四季報オンライン,22日午前の日経平均は初の7万2000円台､AI関連が高い - 四季報オンライン,https://news.google.com/rss/articles/CBMiV0FVX3lxTE5uUzhQal9XamZSYTYwdGVmRjhES21HUlFYNDNyaDYzcWhULTZmMldoajFVd25wVmI4aEdBSGxRQi1HdHpGZ1Rlek4zVWNRZlRCaHRpMmxVQQ?oc=5,,,
2026-06-22,AI 関連 日本株,トウシル,今週のマーケット：AI株の強気な相場は続騰か調整か。マイクロン・テクノロジー決算に注目 - トウシル,https://news.google.com/rss/articles/CBMiWkFVX3lxTFBMZjVxb0ZCbkxvWlU0dDhyQXpHWndubjgzMFZpckxJMzduRlFfODIyZmlkMkRMSk1CUm1oVS1lY2NWeFh1SHBkeWRKUEZYWTMyYmt4UlJvZW9ldw?oc=5,,,
2026-06-22,AI 関連 日本株,ダイヤモンド・オンライン,トランプ大統領が爆買い「AI関連10銘柄」と“値上がり益”判明！米政府も株買いなら上昇相場継続シナリオも - ダイヤモンド・オンライン,https://news.google.com/rss/articles/CBMiTEFVX3lxTE1PRGlIWTJFT0lzUEJHRDV5eVNPTE51RkhQbkxmSjVXMXVQenNtMkw3eTJBRkFJYnJPLWpfXy1JNDJFVk9jTWp1RXhzbVU?oc=5,,,
2026-06-22,AI 関連 日本株,nomura.co.jp,日本の「勝ち筋」 100年企業・フィジカルAI・コンテンツで逆風克服へ 野村證券ストラテジストが解説 - nomura.co.jp,https://news.google.com/rss/articles/CBMiX0FVX3lxTE9Ca094cUR1SzdxdTRTLTR1OUk5SjRvT24wLXcwTEllWlNNUWR3RWhCMlFIZzdXelBqcUpNMml5a0VOREVhOU5ld2lkbFVvN2t6SXJud3h2MWd5eVdpb000?oc=5,,,
2026-06-22,AI 関連 日本株,Bloomberg.com,【日本市況】株上昇、AI関連の一角に買い－和平協議への懸念で円軟調 - Bloomberg.com,https://news.google.com/rss/articles/CBMid0FVX3lxTE5yQWRpWTVpbUdjdTduNUVoQklwa3NvcWM1OGFRRERnVFEtQTJrXzl0RXBSOHZEZjZvc2xXaVF4djl1T1IzdElQRlZscEN5cTVVTjdZSjN3R1N2dW9hcndOelYyY2tpZThab1psUEQxN0pJcWJUcTdR?oc=5,,,
2026-06-22,AI 関連 日本株,finance.biggo.jp,日経平均が初の7万2000円台、フィジカルAI関連が牽引 - finance.biggo.jp,https://news.google.com/rss/articles/CBMidEFVX3lxTFBqSERINVpUQU9ETkNfREY5dGk3ZXYwc1ltMDFLdWNIdFluYlRyczdqQjNUTzI4ZGNqbUNFYzZTNU8tbFNMRnItWlBjSndLUWFReTVQanN1dlpEU3BzWUY2bXBCZjZDZkJjRVZwZ0hicEpGbklu?oc=5,,,
2026-06-22,新高値 銘柄,Yahoo!ファイナンス,ETF売買動向＝22日前引け、ＳＭＤトピク、ＧＸクリ日株が新高値(株探ニュース) - Yahoo!ファイナンス,https://news.google.com/rss/articles/CBMihwFBVV95cUxPSmwyalJ6WVRpeGlRbmhGRWhMa3g2RVEyemlOVXNyc202QnRFc2JRbHd5aWJZR3JzUHZZUXRTWlI0ZW9nRHBCYmFKaURaNUM1eG1pUVBPQlBoamw0SFN3VjhObnVvYkVwNGtiRjFNZmVOZ0ZCcVVEWEhxZGJDU3djR2dOVUZsRDA?oc=5,,,
2026-06-22,新高値 銘柄,株探,タムロンは急騰し新高値、２９年１２月期に営業益２５０億円以上を目指す中計目標発表 - 株探,https://news.google.com/rss/articles/CBMiYEFVX3lxTFB1SlZoMzk0b0p1dFRiMGJTWlQ0YzhoN2VadklHV1JUVkNQSXE3SG5iY3hTSzVXWFg2RGlFUjdMeU5Md2JOMmd3SEpfdUxDRlNWdUZFSVhXN2daWnFEaFFFRw?oc=5,,,
2026-06-22,新高値 銘柄,Moomoo,【AIメインテーマ追跡】20銘柄が新高値、相場はさらに上昇へ！ - Moomoo,https://news.google.com/rss/articles/CBMirAFBVV95cUxOVU10Y000dzE5by1kUWU4TGp0QlJLS0pSNEtqaVJNbmV2UDZyeVFaWDBkNnRWYThMVUE5V3hPSEZWckdhaFRoVzhRdG5uYWQtR3VnU2QwWGdKb2dlN0ZIdEhuUGwxTFU4TWhFT09zYXBsdHRpUVoyU0VxcHJjRUltWE1hWjA1ZW5aNk84Zmsyd2ZvQnowdEhfY3luQlN5RWpCaUFqU1VFTHBFVUZi?oc=5,,,
2026-06-22,新高値 銘柄,Yahoo!ファイナンス,ETF売買動向＝19日前引け、ＧＸテック日、ｉシェア４百が新高値(株探ニュース) - Yahoo!ファイナンス,https://news.google.com/rss/articles/CBMihwFBVV95cUxNLUFnalc3cjEtZFVXYlZhbVJlNmZONmpmcXF5SWFfa2ljeUEtWlhsVEF5LVI3NUVtRUVZaGJYYzRLaDAxSk8ySW44Snlac0d6dmlEb0ZEMGFzd3RQdm1ZSy1DRHpHemExNjFTQ2h3T2NoVVlYdlAybG1ja21nMlVhb0VKdmR1YkU?oc=5,,,
2026-06-22,新高値 銘柄,Investing.com - FX | 株式市場 | ファイナンス | 金融ニュース,AIが見抜いていた：+25%超の上昇でなお上昇中、この半導体株は新高値を更新し続けている 執筆 - Investing.com - FX | 株式市場 | ファイナンス | 金融ニュース,https://news.google.com/rss/articles/CBMicEFVX3lxTE1KcHhoNzZvWEJFTXpraGYwSU9RUDA4dVNxMG5MZDM4RmVueGRvY05LeXU4dXJvSWFUYXV2UnF1Y243VVJSQ0w2bDR2NnkyYlpITGFhNXl4dmZZUFJjYmJyTVB2ckdkT3J0WENPb3ViREk?oc=5,,,
2026-06-22,新高値 銘柄,四季報オンライン,新高値投資塾生Rさんが四季報読破で見つけた｢お宝株｣3選 - 四季報オンライン,https://news.google.com/rss/articles/CBMiV0FVX3lxTE93TmtWYUlVQk5wSHpHTnRuWWhkbWg3TzZOc2QyUUJpYm1mMmpGODR2RlVXUUp3dEo0dGMyVjVXMzlXRXFzS3RablZVd1F4ajFUZzQ1cVkxcw?oc=5,,,
2026-06-22,新高値 銘柄,SBI証券,高値更新後の一服場面で強いと期待される中小型株9選 - SBI証券,https://news.google.com/rss/articles/CBMiggFBVV95cUxQTmg1TGNTVWNPWFlJQ0JWZEJ6VDlvTVM0Y3dhTFNDVDFRWDB2Ti1pdnpFUGxYOG1BV25FV25EWVUtS2ZKU29XY0wzV1UxbnJWcTF1bERLYi1KdTZmLWpNZFZ1N2cyYXM5bm9kREsxVnI4MUlDdDRSRHZjekxMVU9FZ2Jn?oc=5,,,
2026-06-22,新高値 銘柄,Moomoo,【AIメインテーマ追跡】5銘柄が新高値、設備材料、新クラウドとARM - Moomoo,https://news.google.com/rss/articles/CBMiwgFBVV95cUxNS1l3R0JCWkktWG9zTFduT3F4UGE2TlZxSTc5TFpNc3ZoV1laeFBzYXZueC1YazROWl9jQVB3OEtEbFcxNVZfODBHUFdoWnNkeFZWUmx5NXhvRF9lYkFCNHdjdm5zbFVPaDNTblRSWG5lN3NWb0ktdWVCSFJQeVh6Q2NwZkQ0dmZPTFZtY0lWUVFaTjgzanN5aFREeXhwZUUxYWI3amROSEhHUk1UM3RPUW9UMEJnNGtUZVcyUjdDeEJjZw?oc=5,,,
2026-06-22,増配 自社株買い,nomura.co.jp,日本企業の自社株買いと配当の増加は続く 低PER銘柄の中での選別は株主還元指標が有効 野村證券・藤直也 - nomura.co.jp,https://news.google.com/rss/articles/CBMiX0FVX3lxTE90Q21FQmYtRWtkeF9iZE5IYktkUXAzSGc5TEZMbFREaEpkTzhKYTFJZlpaeXcyLVRkYjRPWXBVaVJxclFVU3Y1TGNfWmEzS2hqaU5OeHZnWk9pbmYyWXNz?oc=5,,,
2026-06-22,増配 自社株買い,ダイヤモンド・オンライン,【株式投資の落とし穴】「優待・増配・自社株買い」のニュースで飛びついてはいけない理由 - ダイヤモンド・オンライン,https://news.google.com/rss/articles/CBMiTEFVX3lxTE5ibk94UzVIemZHcnQtVUJJTXlnaFM4X01qa0dUZWNWRzA3Ujk0TkZBY1FIbVBQc2RLbm9HZktoWTVfMGRETVR4eTBmdnE?oc=5,,,
2026-06-22,増配 自社株買い,株探,ナ・デックスはカイ気配、２７年４月期営業益予想９７％増で９円増配へ、自社株買いも発表 - 株探,https://news.google.com/rss/articles/CBMiYEFVX3lxTE5XN2VCTFM3UlkyNnFBV1VmYWdMVFRtMm1zNmpQU1FoTG5hMXlubXZPekxEcXhFRkItaFlvSk9KMkFvS2hhVmVoYXo4ZW5QVW9jYjZvUVRzSFFZdXB6N3o5dw?oc=5,,,
2026-06-22,増配 自社株買い,日本経済新聞,東急不動産HD、自社株買いより成長投資優先 株主には増配で還元 - 日本経済新聞,https://news.google.com/rss/articles/CBMibEFVX3lxTE9DZ1F3MU1HMWtTTmNlMzhTUkFfOHFITHhJdEZPcUlQazlfWmFwOGtaZnEzYlpSc3FsU1VOVHo1b1h6OFNMY2dycVNQTzZuZkpIVWtkWUF5RjJNU09PeUFNRjVPc3NQM211OEpHNw?oc=5,,,
2026-06-22,増配 自社株買い,Investing.com - FX | 株式市場 | ファイナンス | 金融ニュース,ファースト・ファーマーズ・ファイナンシャル、増配と自社株買い枠拡大を承認 執筆 - Investing.com - FX | 株式市場 | ファイナンス | 金融ニュース,https://news.google.com/rss/articles/CBMicEFVX3lxTE5lMVoyRlJVdXIyZ2xqT2gwT0RGQ0c0SHJsV1VpdmJfRHgxMnVvOTRkeDJiUTFZS2MtZjI1MndjTTkxd25DalFadkJpaGFpSEhjNkhYczFCSEg2RGVQa05QUm5OLThLZkZmLTUtYUs4OWc?oc=5,,,
2026-06-22,増配 自社株買い,オリコンニュース,【株式投資の落とし穴】「優待・増配・自社株買い」のニュースで飛びついてはいけない理由 - オリコンニュース,https://news.google.com/rss/articles/CBMiU0FVX3lxTFA1ckdEZHhuVkd5OWtFbmdLdnRodjBLczZoN0RNY25KNGdud2xrbW9jUUlQbUZSeXY5NVQ5dWcyMVVJTHpUbHRYenNyZDg3UGNsVHRv?oc=5,,,
2026-06-22,増配 自社株買い,finance.biggo.jp,タムロンが急騰、配当大幅増額と長期目標引き上げ 自社株買いラッシュでＺＯＺＯやホシザキも高い - finance.biggo.jp,https://news.google.com/rss/articles/CBMidEFVX3lxTE1IUS1tcmIxZmV4M1lSY0JiZS1rWll3c1htUS1URkcwUDJWeXp4TnJhT1BuMkp1T0NYRk1abUx6TGpwbEp4WEl5dUJsZ3JkNy1WeG1Zb2NVcDZReFRuLU5ESkRTTWZJcEVsUnQ5WXVCaTVwTXVV?oc=5,,,
2026-06-22,増配 自社株買い,Yahoo!ニュース,【株式投資の落とし穴】「優待・増配・自社株買い」のニュースで飛びついてはいけない理由 (ダイヤモンド・オンライン) - Yahoo!ニュース,https://news.google.com/rss/articles/CBMijgFBVV95cUxOMExkWmpoUFVDM0dqeE81SXJsWDJUVU5xY0FlZlloNzJaczBBZ0dyZndmalNFT2ZEQ0lZQllZYnhZV1dwUzY1d3pCOEl4X3Y4VjNoamlVM25rU0ZfMDVEZ19MRXFxajl4UWxsYjFYOEJORHdxaVFGMzBkckFOSUN6OVp5MktxNkthU0cwODVR?oc=5,,,
2026-06-23,日本株 注目 銘柄,株探,注目銘柄ダイジェスト（前場）:オーケストラ、トーヨーカネツ、トライアイズなど - 株探,https://news.google.com/rss/articles/CBMiYEFVX3lxTE1GR2xiVTFDN2dqdEd0Xy1MajltT0RsQi1reVpudUFNdlFNXzhqcmNOX3ZXVWJ4a0dneVpxRWZDU3F2N1Fva0cyRW5XSzNwWG1feGdUeDNNbUxDamNoUGRMVA?oc=5,,,
2026-06-23,日本株 注目 銘柄,ダイヤモンド・オンライン,【日本株】2026年・夏の「おすすめ優待株」2銘柄！ 人気の化粧品がもらえる｢Aiロボティクス｣、自社グループ商品詰め合わせがもらえる｢キユーピー｣に注目！ - ダイヤモンド・オンライン,https://news.google.com/rss/articles/CBMiU0FVX3lxTE0zRmJ4eFVkRGlSaW9keE9UcmlSdTVWUldETkpoOGtYVkROLWkxS2RWTFktT2wta3BBSl9pYWlHV3p6Q1Yzd2JNa1JRVDlOMDJVOUdv?oc=5,,,
2026-06-23,日本株 注目 銘柄,Yahoo!ファイナンス,テクニカルで選ぶ注目銘柄：ＪＸ金属＝日足一目均衡表の「雲」の上限を突破(ウエルスアドバイザー) - Yahoo!ファイナンス,https://news.google.com/rss/articles/CBMihwFBVV95cUxQZGM2WFVMZUs0RWN0VXliLUx2MHNTbEVIVW5INXRrVXlsNGRLOF9tdlBwSnRiYURyUGlRM0JNUlpWRVFmdGNTdGstb0lsYVVqcm1sZXU5Nk9wWk5nZkdBbjdaZFhlVjZRa1Jid25CQzdTMWVOdl9ITkJkRXNfUzJMNW9IeGI4XzQ?oc=5,,,
2026-06-23,日本株 注目 銘柄,四季報オンライン,スペースX上場で注目､宇宙ビジネス関連の意外株5銘柄 - 四季報オンライン,https://news.google.com/rss/articles/CBMiV0FVX3lxTE5PeHhtemJnWXAwbFVnSDhrUkw3WFBraTZFNGRaOGZhbzc2azlVY3pjV202dEdUV3BtcUswajZyR0IxVE1EWnBuTUhRVjRpcDNDU0E0MDZ6aw?oc=5,,,
2026-06-23,日本株 注目 銘柄,nomura.co.jp,日経平均株価7万円台半ばを意識 大手半導体・電子部品企業向けに納入している企業に注目 野村證券ストラテジストが解説 - nomura.co.jp,https://news.google.com/rss/articles/CBMiX0FVX3lxTE5tSjBwWTMxVXRNMWJla1NGUzdBM3lpdjhsUUk5WFVZUWZZOXJZak96TnpnSU9kdVZiMjZ4dWdDMmVaRW5qSGs3QkdxR3lBZ3g1VVczc3BreXRtdElsemV3?oc=5,,,
2026-06-23,日本株 注目 銘柄,株探,HPCシステムズ、AIRMAN◆今日のフィスコ注目銘柄◆ - 株探,https://news.google.com/rss/articles/CBMiYEFVX3lxTFBwd1JUQjlKNjhDV0hLZEdTbjh3eHlqQjhuSXdGMVEtX3BtSlNWM01xSzBUR1hDSTdnNkk1eFpTbTF5NkJGREFIOVZicXdIVnZDNUpZUWxrUVh5VE0xN3RreQ?oc=5,,,
2026-06-23,決算 上方修正,Yahoo!ファイナンス,フジクラ---大幅続伸、業績上方修正をきっかけとした株価反発が続く(フィスコ) - Yahoo!ファイナンス,https://news.google.com/rss/articles/CBMihwFBVV95cUxPUG9qTUl3c3RJYWlNekZEQmlLcl9adVlvQXFNNkVudFdicDBsZkh4SHYwemxGSVBnZndZZlFLSTNzNkVteTNSbWNvQ3VLYW1JMmExSVdPcDBVYk9zRkd4RktzSTluVWRSRXlLOU5hVmRicnRNOTUtRWhpcTlLZ2FDNmg2ZXpxYU0?oc=5,,,
2026-06-23,決算 上方修正,株探,★本日の【サプライズ決算】速報 (06月19日) - 株探,https://news.google.com/rss/articles/CBMiYEFVX3lxTE8ySzk1SkdHcnRvcFhHZWdwUGc1RkJqaWZtejBsYklVdENNZm94SXZLTmNzVGVYd29HWk1xUjBNMFhzbWpwVlVmQjR4eW0xM0FTSl9iV3JlSUo5bjZrRFNfMQ?oc=5,,,
2026-06-23,決算 上方修正,株探,トライアイズ、今期最終を49％上方修正 - 株探,https://news.google.com/rss/articles/CBMiUkFVX3lxTE52LWR4T2lvcTkyRE82VmxaVHdKWk16eXhLU1BreDBSOEdWYUFlcnQ5b0h0UlNRXzNXRDRHLTkyT1hPel9tLWFRWUplSkIxeFdBckE?oc=5,,,
2026-06-23,決算 上方修正,Yahoo!ファイナンス,【決算速報】トライアイズ、今期最終を49％上方修正(株探ニュース) - Yahoo!ファイナンス,https://news.google.com/rss/articles/CBMihwFBVV95cUxNN0t0cUxGaXdrX0J2czNSazdoN2k1OGxtMHg4MkRtMVJtOTktUDFLUmFJMGpadE9hZml0R3pUYnNaV09DQTVSYk9hM1dyNEl6TXhvQkVnNFVkcmlLUXJyWEwyNngyX2lWVnlxYkl6d2owRzU0SUxnZHAwM3JTYlZ5MVNwZm1SZDQ?oc=5,,,
2026-06-23,決算 上方修正,Yahoo!ファイナンス,今週の上期【業績上方修正】銘柄一覧 (6/15～6/19 発表分)(株探ニュース) - Yahoo!ファイナンス,https://news.google.com/rss/articles/CBMihwFBVV95cUxOd2h4UVhiVDJqemJWM2ZoT3luZEJFQVlkNENUaEhSMElUY1FJMlVkbllMUlNjQ0c3WnVMREl1aUVfbWcycDc2OE5NQXRwQlBvZUVoXzlDMGRmNFBCTTZtdU9OT0dvMV9tXzlHWEIzQ1lxRFVsSjhhUGVVa1NLWlZ4WDlQaDk3RlU?oc=5,,,
2026-06-23,半導体 関連株,Yahoo!ニュース,日経平均は続伸で寄り付く、半導体関連株しっかり 足元は一進一退（ロイター） - Yahoo!ニュース,https://news.google.com/rss/articles/CBMif0FVX3lxTFBiTWFoRGU4dC05N3JHb0MtVWJwLTRSZDh2OXBJZWVIajhUMUxtY0dYQXRsN1U2dHEzQ3lrdG5FZ29HWGJIX0czU1c0bnppNGljMjZBb2QxaTk4aVZmQ1hmMHoySkRvbzBCSDBCeGhJNUVOS242eEQtUGtaODZOM1U?oc=5,,,
2026-06-23,半導体 関連株,みんかぶ,東エレクなど半導体製造装置関連が上値指向継続、決算発表目前の米マイクロンの上昇受け強気優勢◇ - みんかぶ,https://news.google.com/rss/articles/CBMiRkFVX3lxTE9hQktoZkNhNlpjZ1pSYmZFZVJ5dmhCNlo3WjcwcDh3aWtBbFFVSDBWbUdYMUFJYzNzUU9ScE9kMEJSOTJBRkE?oc=5,,,
2026-06-23,半導体 関連株,株探,「半導体」が２位にランクイン、米マイクロン決算に世界の耳目集まる＜注目テーマ＞ - 株探,https://news.google.com/rss/articles/CBMiYEFVX3lxTFBxek9GZXFhQ1dsdFczalRVNlI5cmlfTlBuWm44NUY0Y3J0czB0ajJTTlNRRnhFWUEwZnJ0RS1kWHpxRVl5bXphRHp3YV9uRE94T05OLUN5MlBZa0dHWEJ4Qg?oc=5,,,
2026-06-23,半導体 関連株,Yahoo!ファイナンス,アドバンテスト－新高値 SOX指数が2％高 半導体製造装置関連に買い(トレーダーズ・ウェブ) - Yahoo!ファイナンス,https://news.google.com/rss/articles/CBMihwFBVV95cUxPRmQxTlBfVFZtRmlXeHpLU2twYmp3MWpqSENodGFkdnplVmhWU1lpd09EWWhMU21BMENTZXViVzYwMlFPcjRQTmQwSnBVSXZtc19LNFdqYVlRWE9iOHY0eWJmNjRBT05McE0tYXcxWHVGdDBPS1JCNEJXYkpvWGItcFFGSy1sSzQ?oc=5,,,
2026-06-23,半導体 関連株,株探,ＡＤＥＫＡが５連騰、高純度半導体材料や半導体リソグラフィ材料好調で収益飛躍期へ - 株探,https://news.google.com/rss/articles/CBMiYEFVX3lxTFBJQV8xcnNuR3I4VGl4VUd0UWt5dk9oeFFKSTI2M3ZqSmdPT0p3akdfSnBCZ2lhRzZpaUlYLUFST0NwSGc5Y3dwMkNPT2pLT2w3OXdrcVlQWmtuMzJ3NnczVQ?oc=5,,,
2026-06-23,AI 関連 日本株,日本経済新聞,「AI関連」が上位独占 2026年に株価上昇したスタンダード上場企業 - 日本経済新聞,https://news.google.com/rss/articles/CBMibEFVX3lxTFBTWmNWUGdoaFV1cnlfaDRvMThCc1dGUTl5RDBRVjZMOThJRXd4T2RaeHpkLTcydmNoWWEzLTVienBoeERFX1lNc195S1Z3dWstbThTN3NwZUljMVNRQ0pIclB3emczR2pBYXgtWQ?oc=5,,,
2026-06-23,AI 関連 日本株,Reuters,午前の日経平均は反落、過熱感でＡＩ関連株売られる 一時900円超安 - Reuters,https://news.google.com/rss/articles/CBMigAFBVV95cUxOa3gzT2JoNm9QV2pEZ2R0RUpqQW9hNk9tTGs1Y3RUeHc4N3NDeGlTVTFGNlRHcjMxVEdWLUJYOTd0MFhyUkxydFpaZ3U5TVFBQlY4Q0tPcEpzT3FrTU0tOXdjVnhHc2Qya0ktV3V3WkM5U09tRFFadWtjdXlMX2dTTQ?oc=5,,,
2026-06-23,AI 関連 日本株,株探,ソフトバンクＧ---大幅反落、AI関連軟調地合いの中でアーム株安も重し - 株探,https://news.google.com/rss/articles/CBMiYEFVX3lxTE56YncwWGVrcTJraVdRRzdsZTQ5RjBFSzFUU3VVVHg5d25acGFRVmljbmE0LXZyZ1g2elQ5d1ZQRmM2bFhNSG9TWjE5WVJfMktyYWJyVzd0b1hjRnktMUVtWg?oc=5,,,
2026-06-23,AI 関連 日本株,四季報オンライン,23日の日経平均は2500円安で7万円割れ､AI関連株に売り - 四季報オンライン,https://news.google.com/rss/articles/CBMiV0FVX3lxTE5rdVVsS3FmMmxUOUQ4eURBMTBQcXRaM3hkS3U3T1hIdGZQNVh0ZWp1ZU0zQkJMb0ltcGZSQ1M3TnV5ZHl2S1Bxc1JOMHdWak1yU1h1Q0hXVQ?oc=5,,,
2026-06-23,AI 関連 日本株,スマートニュース,「AI関連株」は危ない? 熱狂相場の裏でバフェットが静かに「日本企業」の株を買い続けたワケ - スマートニュース,https://news.google.com/rss/articles/CBMi4gRBVV95cUxOODItdS1Cd1hVMTNJZ3Nya0RkODh3RGljLWdTa2otNGptMG9Ydkx4Vkt6aXhUREFMbUk0Y01rVjlSQUVXOHRoZFBGMm9vemp1S1FIOWIwTW1GbjVfNTNOQW1XQXpSQUZ4eFlwYjJNcnkyRVVRRDBFd0xWM3VwS3FTYUw1M0ZOd18wRG8xQlFXU3R2N1ZvQlhhbDVYY3ZHM0h1ZnNJN0VHc2EzM3ZpMElhYmpDZ3ZyZ2pUc0JzZ1ZwZGlQa3owQWE5LWFiNDVSSUVGVngwWTV2RXVWNjhWSl9RTWNGVDg0TGZKNktuM0dzOEYzN3BiMGFLY056eTBwM2RTNmttZUlhaklOaWV6OE1YMHJGSm5vVWUwWFp6SG9mV29LdkhLYXpyQk8yZ1VqOWxtTU1KZzVTcHFndC0tWHRQR250dXFWanhuOEc4aWMwaEVyU0F4QmsxOE4wcl8xS0tlVzhYZWhPblVGbE9rWVdwc3RORFhtSF9Nd3BlbVRfbWtBYzBPMGJ1ZnphLXhUaGsxTnNpMGZZenkyTURpY3pvYW5aR3NwY0lTNjVDUkw5LWR6dzQwaGkzYVFMeHhNZWxSSnh3SUF6Y2g1V2UtUHZsLVVIdHd0MzRTMm1hNEtyenlvMnF0MUlFUDlJWXdQNDhkaVE1aUtieGxuazZidG03dWdoZklNMFkzV3YzXzVUNnMzUV82TW8yaDJSYllKMG4xdVVQZVdQeDRzRFY0TENpdEJmZ0hmUDZlSEdWRWJ3c2RyeVdiemRhRjNIY284OF9ET1dxODVVaXE1UWFsbFVVSUJB?oc=5,,,
2026-06-23,AI 関連 日本株,nomura.co.jp,"日経平均株価、史上初の65,000円台 AI相場のすそ野が広がっている 野村證券・大坂隼矢 - nomura.co.jp",https://news.google.com/rss/articles/CBMiX0FVX3lxTFA0d25PYlU1V2w5OVpnR3NpRmhEZmJCajBaM1FSRFBFeHpFaWxQYTFFLTlwcHRLb1kyQTc4bzdicHNrdFpKeWkzQ1VNckpwRS01Vk5GbmRwZzRiNDhOWlpF?oc=5,,,
2026-06-23,AI 関連 日本株,みんかぶ,AI関連株への利食い売りが膨らみ70000円の大台割れ【クロージング】 投稿日時： 2026/06/23 17:04[フィスコ] - みんかぶ,https://news.google.com/rss/articles/CBMiRkFVX3lxTE5fai12bTNfcGpnNGhNYzREYWt5VEpTWk5GZWdjVF9BbWQ5WldyaVRvZ0NLd0tFanRBeW1CUXVCN3ctZXJ4Y3c?oc=5,,,
2026-06-23,AI 関連 日本株,ニューズウィーク日本版,午前の日経平均は反落、過熱感でＡＩ関連株売られる 一時900円超安 - ニューズウィーク日本版,https://news.google.com/rss/articles/CBMiWkFVX3lxTE5Ha3ZtX3k3eVM3VnZCT0V2S0pDYk9DM3Y0aGdpcW1OSkstX0JkeEFKVjZjZjEzaXZLMmp6cktPd2MyaVhaSk5zek54eEtvM3N6RUNTQm9xc0NNQQ?oc=5,,,
2026-06-23,新高値 銘柄,Yahoo!ファイナンス,ETF売買動向＝23日前引け、ＧＸ半導日株、ｉＦ４百が新高値(株探ニュース) - Yahoo!ファイナンス,https://news.google.com/rss/articles/CBMihwFBVV95cUxPX2tvSzBIbzhiLTdXQ0s2MG9SNzdoNUJZOGJvMGUxSE9kTm1fTU82cWRUZUVKd0UwcGxjak51bFdOazFFY3F5aWxDSHFFd0RlMVFOaWRUUi05d1gtcXAwVW1DVWdraGt0UzZycVIzckF0OGlRdnRtM0Q3Rzl4dENnZG54cFd0dUk?oc=5,,,
2026-06-23,増配 自社株買い,Yahoo!ファイナンス,自社株買い5.8%発表が刺激、株主還元強化テーマが再燃【今日の市場はどう動いた？】 - Yahoo!ファイナンス,https://news.google.com/rss/articles/CBMiZEFVX3lxTE1FUGk2cU9TREhHcjdzUzNZeEhUcndnVlVOUTNMZkVtLXBPSENSWmwwOTJpWjR2bWNTM2hoM3dvN0JMSmdnNjVHel9tN2c5V0R4RmFoa0xYM3F4MHI3QjZGQ0I3bzI?oc=5,,,
2026-06-23,増配 自社株買い,finance.biggo.jp,オーケストラが17円増配、エアウォータにオアシス出資——6月23日注目銘柄の好材料一覧 - finance.biggo.jp,https://news.google.com/rss/articles/CBMidEFVX3lxTE5XZnF3TW5IRjRDNkltQ0d6dHpFdy1QLU9HeEE1ZE0tclIzZ0FWYV9SY2NkWWJjX3k0WkVzNWpyRGdtRUtQbUw0Tlh5UE5yaEhxM2xkZlNWelpiQnZUNFRUNXR1OUVDb3BPelZQZ1Z4cmVTQ3Ux?oc=5,,,
2026-06-23,増配 自社株買い,note,「増配」と「自社株買い」、株主にとって得なのはどっち？還元100%時代の正しい受け取り方 - note,https://news.google.com/rss/articles/CBMiW0FVX3lxTFA2TTZFN3JmeEpTVmIxcURVYzFkNF9oUHhRUmpVN0FGOXpGOXA2S2I5R1ZHUjhueHJpdWRHbUxaTkRYNHhCMk9xem56eEk3Z29pakFPUFJmSERlZlk?oc=5,,,
2026-06-23,好決算 株価,Yahoo!ファイナンス,本日注目すべき【好決算】銘柄 オーケストラ (22日引け後 発表分)(株探ニュース) - Yahoo!ファイナンス,https://news.google.com/rss/articles/CBMihwFBVV95cUxOQXBVYk9CRW4zLWQ1Nlphc3B6eGNrZzl6OWtqbVNzRHJHTEpxeVFTeWNUODdER00zSWgtNE95alpBYjVzTy0wQW9mWW9zNnFkbVp2dko3U0dFR052RU1LZDdCQ01OcFA3Ykl2bVJnSkFKM05CSlpJelZfMkdwb2Y5UjNRNS1fX1U?oc=5,,,
2026-06-23,好決算 株価,ig.com,日経平均株価見通し：過熱感で上昇一服、マイクロン決算と米PCE見極め 調整売り警戒 - ig.com,https://news.google.com/rss/articles/CBMisgFBVV95cUxNTm1CTDN6ajdhVG56SFhXbHg5eXFPWnJmS1FLVWtWdTh6cVdySEZ6U3lpQTRnTnVqOVdhRFp4MUNrMHNjcjFWcVJQM3VDUl93NzFPVDJNbnllbDJfWlFqSWRZOXp2UTBwbkMtZmlJWFp1ajZBNEZveF9xMzZ3eGpnU1FxQ3FhejlBVjQ0LXBZUndpaVZldVV5eFpfTFRpM3NTd0dvcnd2RHdRZ0FiZFdGbXZn?oc=5,,,
2026-06-23,好決算 株価,Forbes JAPAN,株価774.6％高のマイクロン、好業績を握る「たった1つの数字」 - Forbes JAPAN,https://news.google.com/rss/articles/CBMiWEFVX3lxTE9jQ2l2YnFsem9wUmhPZGY2NkY1WndRWmFhbUNNZkFBTlVmTXQtVzJFZWpyRzFyWjVjRFRYWVRUX3NhTjJudEVpRFVCRlFZQVRZZHliMko2TkU?oc=5,,,
2026-06-23,好決算 株価,SBI証券,連休明けの主役は？好業績期待銘柄6選 - SBI証券,https://news.google.com/rss/articles/CBMif0FVX3lxTE9yWTJYTkZDc3JfSDRQM3dCT2JoT0JBN2QyNk5XYUdHTFVGX3NiOXE3NGZGckZOOGh3TktoVGRVUFRGMGVKQVJ2Rm9sYktISk1JanVaUEt6QTZwcWNFak9wTlc3dzF6V053QWRfcFhFeFN0REwybzVIYnIzZ1hXM1U?oc=5,,,
2026-06-23,好決算 株価,nomura.co.jp,エヌビディア、好決算でも時間外で株価下落 米国株式市場への影響と今後の注目点 野村證券・村山誠 - nomura.co.jp,https://news.google.com/rss/articles/CBMiX0FVX3lxTE10cmxxcW5VZjhJSlEzd19oS0RPaXVtTFFZZGNhQ2syQ3FaT0dPbkNQdmpaSUoyR0RvaDJDUjVIdXRVakdIZkYyOVBUOG9DTkJmdzVPb0ZxX0NYM0QwQmVV?oc=5,,,
2026-06-23,好決算 株価,株探,本日注目すべき【好決算】銘柄 ｃｏｔｔａ、ＨＥＲＯＺ (8日引け後 発表分) - 株探,https://news.google.com/rss/articles/CBMiYEFVX3lxTE5IWUZjem1rRWtJaTBkenZ4RG03ZGZaSDRsb3M5SzNZUEJIaG10alc5TjEzYUVQNDMweGk2WlJERGFUUG5CZWM0aTQtTnNTbjR6U3BzQXlZRGQ0NVk0UlB3Rw?oc=5,,,
2026-06-23,好決算 株価,マネクリ,【米国株】中東情勢緩和と好決算で最高値更新、中長期視点での強気のシグナルとは？ - マネクリ,https://news.google.com/rss/articles/CBMiVEFVX3lxTE9iSnpWaU9nNHpHMFk3VTUwR2o0VmRSM0c1UzZjVTVJWEtlUDRweEZ2VTRNNnpPZUlYalNncHlYLUZ0allPU05UNllSdjVfcUVRdFVNSdIBV0FVX3lxTE45MUNlendhdWhmUklfOS1SYXZ3Zjh4bU54QkJvQk9GSlB3eUZUYllpd1Z4THNsWjNueUw0bkhEeTRsSEhOcnRyVVMtbXE5RnRoRU5UYkl6VQ?oc=5,,,
2026-06-24,日本株 注目 銘柄,株探,注目銘柄ダイジェスト（前場）:パナHD、カドカワ、インフォメティスなど - 株探,https://news.google.com/rss/articles/CBMiYEFVX3lxTE9FV1NZaXh5SEpFX3lmeU5kTHhTc2UzbFNfbUhaSy1XLTkwOUFEZnNVUXU1bjhCd2FhSU42ZVZWb2RBYkd2NVNITTZOeWt5djJTT3pROVBJODFaMzBvSmJDaQ?oc=5,,,
2026-06-24,日本株 注目 銘柄,ダイヤモンド・オンライン,【日本株】2026年・夏の「おすすめ大型株」2銘柄！ がん治療薬の売上が大幅に伸びる｢アステラス製薬｣、業績好調で株主還元にも積極的な｢伊藤忠商事｣に注目 - ダイヤモンド・オンライン,https://news.google.com/rss/articles/CBMiU0FVX3lxTE0zQkx6S0NfSUtPMUVCeTdxZnFpZ3ZiTUFKQlFqdVJ1YU8tVmRET2hjRlQwT3ktMVFxaEliTm5UOFQxS3VkSHVJSm9Ta1dkTkMxSlFz?oc=5,,,
2026-06-24,日本株 注目 銘柄,Yahoo!ファイナンス,テクニカルで選ぶ注目銘柄：ニチレイ＝５日線を上回る、週足でも１３週・２６週の両移動平均線の上位を維持 - Yahoo!ファイナンス,https://news.google.com/rss/articles/CBMihwFBVV95cUxPSUp5eU9nSGN5eE15bXhfeGV0U0Q1TEI1bkFCa01XSUlkUjRFVGo4ODlMZXMtMEZqM244cnROY2dOc3p2MU1lcWIwQ3RNSGVyUWNvQUdQWmN2aXFsdjhwSmdwMTlaNF9nWG5ldUI0Y1Bwd0M4SFRCV0dQaUdqcVA0MXJiTkdER0k?oc=5,,,
2026-06-24,日本株 注目 銘柄,みんかぶ,＜注目銘柄＞＝Ｊエレベータ、保守契約台数増とリニューアル需要で業績拡大続く - みんかぶ,https://news.google.com/rss/articles/CBMiSEFVX3lxTFBIN3hlQUNLRnVWT00wcnVVNmk5QVFKZUwtZFdZUXZ2TUIxY29tQXlHbFRZaElPb3U5aWtjaTdnWUxWbnRrTjc3Ug?oc=5,,,
2026-06-24,日本株 注目 銘柄,株探,サンリオ、FFRI◆今日のフィスコ注目銘柄◆ - 株探,https://news.google.com/rss/articles/CBMiYEFVX3lxTFBiZ0p5LUs4dmFKbjktenlGVVhiUFZWSmpTdC1CVXZKZ0l0STlwT1ZQdzIyNjd0ZE82aE5RdnBnRzM2aWllUm9ZdG5lTG9neVZFYzNIZlpkTjMwdW4xb0tPdA?oc=5,,,
2026-06-24,日本株 注目 銘柄,Yahoo!ファイナンス,【本日のおすすめ銘柄】日本調理機、1株を4株に分割(フィスコ) - Yahoo!ファイナンス,https://news.google.com/rss/articles/CBMihwFBVV95cUxONjlkcXQ3eWppWUtpME12eDZVbl9Fajlubkt0Nl91djhFejAwVk45X0IxV2xoMlRhb3VYQ25sVlpBbGlWTGpSX1paNkwtamhGbTUxNFNKY0x4VHVjYm1rdW9wZXc5OXM2RWJuQkZJRkVuTE13cngzOFMzU1JVcE5fMzBfcDNDbGs?oc=5,,,
2026-06-24,決算 上方修正,Yahoo!ニュース,フジクラの“劇的な上方修正”は他銘柄にも波及必至か 直近の「ハイパースケーラーの投資急拡大」が確認され、最大手・住友電工の強力な追い風に《億り人・古賀真人氏が解説》（マネーポストWEB） - Yahoo!ニュース,https://news.google.com/rss/articles/CBMif0FVX3lxTE4wWElaanRYVi1oUmE0MWg1UmljNUFxR0p3bE00T3M5OFRSWldLNll3emVObjFQOEZ1ejdsWUo4OTNySmYybDFNNE5NTkszZzQyS3lfdkxZN1dWQ05BQV9JMFZyRVAwYW5Nd3BCUmRQYUpDODBlaXBsVnVob2wwR2c?oc=5,,,
2026-06-24,決算 上方修正,SBI証券,決算発表シーズン到来！上方修正期待銘柄10選 - SBI証券,https://news.google.com/rss/articles/CBMif0FVX3lxTE5IS1dPWUlhdGF3T0xMVnpuZnlCekpDaWRjM3hEMFh0Y2Y3ZGIxT3JzWWU0ZTc4OUo1SXR0Sm5ScFU1dTlPVVVzSTRYcjJ4UlVHSG01bDlDREZrOUxra1JKUExhdm43YVlSWFQtV2U3N2t2MVN4WjNlWUx1SE9nQ2M?oc=5,,,
2026-06-24,半導体 関連株,Yahoo!ファイナンス,【↓】日経平均 大引け｜ 続落、半導体関連株中心にリスク回避の売り優勢 (6月24日)(株探ニュース) - Yahoo!ファイナンス,https://news.google.com/rss/articles/CBMihwFBVV95cUxPNXJPOGk3Y2l6MlZhODFPNkpuelllY1E2WHV1dkw2aEJRQkUwbDBxcmNfTzh4Z0UzRWFzdk9jeXV1X0xkRjZSaDZHWUdGUkRzcXdEcm44d3hxcUpiRjZqVnJtZ2VSUVBtZFlhNGJ2c3A2eHNsVXV4RHlDd203b05pYUc3TEUxdUU?oc=5,,,
2026-06-24,半導体 関連株,株探,「化学」が１７位にランク、半導体関連株人気が波及し脚光＜注目テーマ＞ - 株探,https://news.google.com/rss/articles/CBMiYEFVX3lxTFBocGY2c0w0emkxcFRxQjBuZExGQjBIWFZfLWdjWG4wT09Pc2oxYXBqb3NkandTV1JwWmJsS25uNVFORW9NRUwwa0V3QWhmTjAyVFcwVmFlMk4xRXFWeHNaVA?oc=5,,,
2026-06-24,半導体 関連株,四季報オンライン,海外投資家比率が急増！まだまだ値頃感ある半導体関連株 - 四季報オンライン,https://news.google.com/rss/articles/CBMiV0FVX3lxTE9VSk1PQWlGRVNJbUxqUlpvbjJxdGVXTVpMTTlXcVhkRUI3Q0c5SkdHVnhCeEhmSGR6WTV6NmZscFY3YkxlbWdYRXQ1dURSWXNDQ3dNeFBYQQ?oc=5,,,
2026-06-24,半導体 関連株,Yahoo!ファイナンス,東京エレク---大幅続落、SOX指数大幅下落で国内半導体関連も売り優勢(フィスコ) - Yahoo!ファイナンス,https://news.google.com/rss/articles/CBMihwFBVV95cUxNRm9lZi1OV0x4SWtXWFZDeW42RXpfM2lKYzlCdUhqUExOa1VNV05Nc2F2aGlJVkRlVDRLZ1B5bU9vNEVVUng5NUE0Q1VFR0Mtc3JiUUwzOEdVdExwVmFXemJ2OENSWi1vSjRlZXNmM19sSlRMZzJiUEFxakRzRkVBMHpxVTNFRnc?oc=5,,,
2026-06-24,半導体 関連株,株探,有機薬が底値圏から急浮上、ＡＩ半導体製造工程で必須のアミノ酸関連として頭角現す - 株探,https://news.google.com/rss/articles/CBMiYEFVX3lxTE5kR3E5M3dyVjZCVktJVzNmaklnZ3BUejNVNWFZbUlEdThYOEFXcmlVZVJjXzJOUFdObTViX3B2WGZkWGpaQnNJaHR1X0gwQmFyS0tYcF93ZGNkYXpiSWNPTQ?oc=5,,,
2026-06-24,半導体 関連株,マネクリ,（朝）米国市場は3指数揃って下落　アジアの半導体株下落が波及し売り優勢の展開 - マネクリ,https://news.google.com/rss/articles/CBMiVEFVX3lxTE90blFQRXJVamFOMEMxRTBKbklZSFZsUmtNV19KR3Z1X3lUUXdsaXI5NG5CWGRlcExVS2JBNWRydF9LWVNDZGo3UU1GUzd1RUFXbURjQdIBV0FVX3lxTE82YzR6amRHY25OZlJKQ1czQ2dENFdQQ3BWX0wyeVdGaHVvaWo5TUJFRUNHMmhQUXNxcmw5b1BUYi1Ca1JUUmxPQVNTNnVfalZTYlEyZk9xZw?oc=5,,,
2026-06-24,AI 関連 日本株,四季報オンライン,24日の日本株は続落､AI･半導体関連の一角に売り - 四季報オンライン,https://news.google.com/rss/articles/CBMiV0FVX3lxTE94T0k3cG5YMnBhV1NiUjllMU1hWWpuYU9CSlhPQkdZMC1fTlhIbHJOSGNVTUFYV2Q4YkFHWHZMaGVGRlFqbC05TEhjRU9oLWVCSkxnQk9zTQ?oc=5,,,
2026-06-24,AI 関連 日本株,Bloomberg.com,BofA証も年末目標引き上げ、AI関連需要の拡大で広がる日本株強気論 - Bloomberg.com,https://news.google.com/rss/articles/CBMijgFBVV95cUxPS3pHalR3ZC1heFkySm0zQjFQNmJubFQ1VHpOVkFYQ2FIMkZmM3R6enhFbDRCRklBbUZtTl9TVGF6N3BGbXRxZlRmc0dBN1hnTkxQSVVoVFBoY1RlbldjTy0zZ2ZoREZsTXJNSmNFRHozTkdFWUxhM2R6UFdOQ2JxdzRkbmJCaDE5aEJVYkJB?oc=5,,,
2026-06-24,AI 関連 日本株,朝日新聞,日経平均、一時1300円超安の6万8400円台 AI関連株に売り - 朝日新聞,https://news.google.com/rss/articles/CBMiZ0FVX3lxTE9IU3YtbWJDb2VGXzNyTTlicGNFMTdZX2FzQUdveDRKdmZ4R19TZ3k3bHZZeC1rUWFtSzBjZi1nUkxNQlhHUTJwa3hKVEtIOUdXeFpxVFh2NHJ1VEw1Uk1TeUtFZG5uWlE?oc=5,,,
2026-06-24,AI 関連 日本株,Yahoo!ニュース,BofA証も年末目標引き上げ、AI関連需要の拡大で広がる日本株強気論（Bloomberg） - Yahoo!ニュース,https://news.google.com/rss/articles/CBMif0FVX3lxTFBfNmtoV2ZtaFNBNmxmM2NCeHRBa0ExbjQwclpwSGQzN2w2R0VENGdzZmxYUl9fY3RKTUF5VlpOaTZuLVdzVzJVeVlxeWRTbUlxcmFuTDlJY1hrZzdMTFpRWWtMeWY2bG81c0JaTENwSGRfaWNma3NwUmNCUXlWRnc?oc=5,,,
2026-06-24,AI 関連 日本株,株探,AI関連株中心に売り継続か／日経225・本日の想定レンジ - 株探,https://news.google.com/rss/articles/CBMiYEFVX3lxTE5peVVGM09QTjF4ak94c3B1SG9BTkRmOWtvOEZzLUNqR3VXUXZrVGtPNzBOZUZwaWZ0THhwWXRJMlNwOUpjd3o3ZUF0U0w2UzRZZDkxX3p1czdzMHQwRnBMZA?oc=5,,,
2026-06-24,AI 関連 日本株,SBI証券,半導体・AI関連「次の主役」を探る!? - SBI証券,https://news.google.com/rss/articles/CBMif0FVX3lxTE9wQVQ5TERXTFJrdnVwOE9HN2ljTERvb0ZmcTE5S1J3Smp3dEpXUG9yM19ldW9EbHBfYkJOWlc3MjFHZlRrSDNSMTV1WFN4RzFQX2ozX19fdnlnZDhOWnd5dUs2WHNxQTFzV1RiT1lSTV83RDF2Vk5fLTVROE1EalU?oc=5,,,
2026-06-24,新高値 銘柄,Yahoo!ファイナンス,ETF売買動向＝24日前引け、ｉＦ米債７無、ｉＳ米リートが新高値(株探ニュース) - Yahoo!ファイナンス,https://news.google.com/rss/articles/CBMihwFBVV95cUxNWVJ1aGtqLThESGF5NGcxb2EwSVRubHJSVExFdkNBTkZSNmtzZTh6cWJyb081WV9NRzU4RjNqX1VPWEdoWi0zNFcyY3pwaGVCNGo1LXUxZEpHcXlQX2Ixd2RidE9wbWFtVS0tY0ppYjdwYXJUOE44YUV4Um14YWtDdlp3bUFrZW8?oc=5,,,
2026-06-24,新高値 銘柄,Yahoo!ファイナンス,【ゲームエンタメ株前場(6/24)】新作事前登録のcoly新高値 ファンド追加取得思惑でKADOKAWA反発 目標株価引き下げネクソン新安値(gamebiz) - Yahoo!ファイナンス,https://news.google.com/rss/articles/CBMihwFBVV95cUxOeGQ4YXJJUUppcDhQVU9PQm9sbHJXV21QMVRDWFZBTmRkYTBWejR0OERjazBKbnNSaXF4LXBHLXB6WlQ1RnZaR3JHa1EwTl81SXZLU1BfeDFoM3lrcUNNMWpTTEwtUlZVMU1EZ0VWRWI5dzh4dnFvN0l3NncwUFB1MkxMd2I5ODA?oc=5,,,
2026-06-24,新高値 銘柄,株探,ノリタケがＳ高で一気に新高値、ＭＬＣＣ向け材料に着目の資金流入が加速 - 株探,https://news.google.com/rss/articles/CBMiYEFVX3lxTE1WMFRiekFwTGEtU0VVNVZ6ekZRYUJvM2hsdFNzUk1mUFNWcFBocXkwU09qZDEwT1ltWGhZTzJGWkdPQ1RGZmkxcmg0dnMyNDZvV2lPbkptTHY2S3JJcU16WQ?oc=5,,,
2026-06-24,増配 自社株買い,finance.biggo.jp,トヨカネツが20億円の自社株買い、オーケストラは記念配で大幅増配 - finance.biggo.jp,https://news.google.com/rss/articles/CBMidEFVX3lxTE1JME1VdlloeGhvdHRvRTRBeUROMl9HSTVSSE16Mnl0d1d2RDlvQW5mTWRISk5tWVBZSHFIRy1Wd2trQVRvQXlJVE53VGJ5X1NBSDQ1WXphZ1FzUkV2Wnl6M2VOZ0RKUVkwWnZFZVJLVDFkRE9Q?oc=5,,,
2026-06-24,増配 自社株買い,finance.biggo.jp,TOKAIホールディングス、株主還元を大幅強化 配当性向45%以上、自社株買い100億円超 - finance.biggo.jp,https://news.google.com/rss/articles/CBMidEFVX3lxTE9laGFoLXRCQjRSZnNKMm1uRmxIcEI1elRxdU1VbXB4ampPaU1vVTlSMlFKbU1nZzRZX01SbzBvb01tZWpHQ2JmTTZpUDRfdUE2X1BxWlFkNEdwY0hGWjlMTXBGWnBXWkhfci1tV0laMnl3LThm?oc=5,,,
2026-06-24,増配 自社株買い,ダイヤモンド・オンライン,「増配」と「自社株買い」が明暗を分ける、長期で勝つ銘柄の見抜き方【バフェット入門 応用・探し方編：その2】 - ダイヤモンド・オンライン,https://news.google.com/rss/articles/CBMiTEFVX3lxTE9uVXdoRjJfMjVlN2wxTFNxcG56VVpzR1h3ZFRuTFR4SndaUTZ3T1B6dEdxZE9Fb0xoRTFzNERJXzk5N1lrNDRMRnVIMGfSAU9BVV95cUxNRVJIWXlON2JoSWFMR2JfVUlpTU1MY29TRTAzYkl5WTVFWGt0OTB1X0xFQXozQW1feHY5UlhhMnFoNFVzcGhfbnBsMFZsZ3V3?oc=5,,,
2026-06-24,好決算 株価,Yahoo!ファイナンス,本日注目すべき【好決算】銘柄 サンリオ (23日引け後 発表分)(株探ニュース) - Yahoo!ファイナンス,https://news.google.com/rss/articles/CBMihwFBVV95cUxPaFh6cXhzbVh2Q1JGUTdyOUJuRWViSHkyeXJERk5WbGYtZ25HR1FJZDlZOXdCblJSN29sMjk1NFdsVVB6SmRFYnl6YURLS3VhU2ZaWFZkNHZscG4zY2ZOYzlseDRIaGtYaDRJYzN6cGR1eHlpU0FZTXFwNmtaRHhHMUpIQmJiNkE?oc=5,,,
2026-06-24,好決算 株価,ig.com,米国株、マイクロン決算を警戒 S&P500急落 原油安は見通しに好材料 - ig.com,https://news.google.com/rss/articles/CBMipwFBVV95cUxOZkZqYmR1Njh3Nnp3MC1KVVAtSTBJWUpZNWk2aDRpeWw0NXVwMTJ0LVJtT1lDeHpuNGpiMlRzWk14SGVLUWIwRl9zUzF2bkpmYVVRZ3NVR1RQUlVyM0lNeVFqUjQwV3B2RUpwdGk1R01LVTVmU0RjOW9UeWlQSEs2ZHJKTnZXT3dWTEtpbTlZeUlLM0FnQUhITG5ja0hZTEhWUGpJanp1MA?oc=5,,,
2026-06-24,好決算 株価,株探,本日注目すべき【好決算】銘柄 オーケストラ (22日引け後 発表分) - 株探,https://news.google.com/rss/articles/CBMiYEFVX3lxTFBpV25aYm1QVU82dDB3WjBXVDJHUVhSVVROYkhhZHNVVko2YlI5ZngyamJlLU91c1RRd1JjNGM2RzRjNHppRkp3MXVHTERoQkVGVnZGNjVKX0c1d1Y3b0h4RQ?oc=5,,,
2026-06-24,好決算 株価,Investing.com - FX | 株式市場 | ファイナンス | 金融ニュース,カーニバル株、好決算も軟調ガイダンスで急落 執筆 - Investing.com - FX | 株式市場 | ファイナンス | 金融ニュース,https://news.google.com/rss/articles/CBMicEFVX3lxTE4tQ2xTUEFPcXVfc3BNdy1tYVhBYml6azRkZGxReFBhZFRfRjJWQ2xPejhKb0ppZVZaOWx3dU10ZVdoTWpWbUo5YnVxQkVoMzZ1eFZPdldBNFNEQ25KWlNTd2hUclpuQWNzX2lDRVBPZzM?oc=5,,,
2026-06-24,好決算 株価,みんかぶ FX/為替,アジア株上値重い 半導体バブルに警戒感 米マイクロン決算に身構える市場 - みんかぶ FX/為替,https://news.google.com/rss/articles/CBMiSEFVX3lxTE1Qdl9STFhqakpGTDRvMFlDaXVLRzdPcVhhaUdVdG5UVFJxdzZTT2RCTlpOVmVsNTVVUVN1Q2NwM0Zra0NFZXZTaw?oc=5,,,
2026-06-25,日本株 注目 銘柄,株探,注目銘柄ダイジェスト（前場）:牧野フライス、ポラリスHD、東京きらぼしなど - 株探,https://news.google.com/rss/articles/CBMiYEFVX3lxTFBocV9QVC1HTkNEMWNTM1U5WEpHNi11ZGNqMXBSWk9NajJFRGo4RFFURnAzVmNaM0NNNFZUUjlpYUowOFZURnNzZ0xjVTI2T0wzamFzNFBKV1ltek1LeENCTg?oc=5,,,
2026-06-25,日本株 注目 銘柄,四季報オンライン,AIと半導体以外！近年のIPO銘柄で再び注目したい｢2銘柄｣ - 四季報オンライン,https://news.google.com/rss/articles/CBMiV0FVX3lxTE9kcHZibVhhQzRFNmwyZzB0TUxQT0dLT3pIeWY2UE5lLTVwbVluUTZaV0gxZmZ2N0YxbWNIUkZCdnIyQUlXcTdCaEpJRDNDNnNKRmtaX1ZjTQ?oc=5,,,
2026-06-25,日本株 注目 銘柄,Yahoo!ファイナンス,テクニカルで選ぶ注目銘柄：武田＝２５日線を突破、５日線と２５日線のミニＧＣが形成寸前(ウエルスアドバイザー) - Yahoo!ファイナンス,https://news.google.com/rss/articles/CBMihwFBVV95cUxPVHpJUDFwWUdWaU1ZUG1kOWNVNVJJbDJuSERzTThlNkQya3VNeG96RVo5OXBTQnZCeUdtSE1nTzRqYUprWWNHYUdYSTA1UFhBeFZNSUpjTmdTa0VsT2lLSXVLbWRiZ1hnQTNZYW5HNDFKRV9rVTRrOU1sajZ5eXhwNUNNU3g5Tms?oc=5,,,
2026-06-25,日本株 注目 銘柄,日本経済新聞,ソニーG、AIによる業績影響は限定的か スポーツテックにも注目 - 日本経済新聞,https://news.google.com/rss/articles/CBMifkFVX3lxTE1ERmxtbmxLLTlsTjA0bDVneUJtd0tiTW1zX244OVJtSEpOSmV3VTRydWNfZGxxUVJMY01PdmItRDZRMVNMM0dEZHJuczhzSDJWeXZJa3F6SGhhZFlPcTAwemtCc3ZEaThsZ3ZPNTZ5bm9RNEdqc3JNM1J1Wml3Zw?oc=5,,,
2026-06-25,日本株 注目 銘柄,四季報オンライン,AI･半導体株が調整する今こそ注目したい出遅れAI関連銘柄 - 四季報オンライン,https://news.google.com/rss/articles/CBMiV0FVX3lxTFBuaVJjcjc1RU5WSUg0bDlNQ3N1d1R3dUZONEJvbEJaTHo3UThLTm9KbEJqR2w1TVJ2Y2lad0xWLXpHeF9odGtIWjBaeHlqNTJFWERpMHJsRQ?oc=5,,,
2026-06-25,日本株 注目 銘柄,株探,キオクシアＨＤ、マイクロニクス◆今日のフィスコ注目銘柄◆ - 株探,https://news.google.com/rss/articles/CBMiYEFVX3lxTE43UWk1MHpwZ2xqcjJwOEU3WFJUVTBVWV81cDhxQ0ZubkowbFhhd0xoRXVrZG0yR0tCMUsxRTlIejUydzZxczVla0Y1NktGYzg0YWRMWWk0RHR5Zkx3WGJNMQ?oc=5,,,
2026-06-25,決算 上方修正,Yahoo!ファイナンス,【決算速報】スターシーズ、今期経常を22％上方修正・最高益予想を上乗せ(株探ニュース) - Yahoo!ファイナンス,https://news.google.com/rss/articles/CBMihwFBVV95cUxPSml2bDFCSFpFVEx6M1FqQk5IVENjVzcwb284ZnRaTTd0UmlnMUUtdmxQcEE2eW9iLTZCYlducmw1aUFIMlpCVXlhelIxZjlDZE9INy1IYzU0emdZUklKWG1CQlluRS1LUUN6dzVDcnRMbFNhWUhpNWxMMzJlLWRQZDNYTlNFWUU?oc=5,,,
2026-06-25,決算 上方修正,株探,スターシーズ、今期経常を22％上方修正・最高益予想を上乗せ - 株探,https://news.google.com/rss/articles/CBMiUkFVX3lxTE9KaG9abFVycXR1eWdVT2RRZEcwcDBBUTlrd0d6ZFd0WEtsWGdsVlRES2lraDVqSEtlY0EyZy1EMzlOWTBhSHdWdC1lSzl1YnBxOHc?oc=5,,,
2026-06-25,決算 上方修正,株探,セレス、今期最終を一転2.4倍増益に上方修正・5期ぶり最高益、配当も30円増額 - 株探,https://news.google.com/rss/articles/CBMiUkFVX3lxTFB1MTlRakNXallaeXRaMk8xY1BuX2JVd1B1ZExvRzVCT3g1bHh6Q1lKLXlzS21rMzlFeExYWlVhNE94c0d1ajJ3SjI4Sll5R3JXNWc?oc=5,,,
2026-06-25,決算 上方修正,Moomoo,マイクロンの業績は大幅上方修正。メモリサイクルは転換点を迎えた - Moomoo,https://news.google.com/rss/articles/CBMirAFBVV95cUxQeko4V2tDM2NVaUx6UTdkYmpxVEF3Uk0xbmlvMlZYMWJRT2Q2cW9BekdMbVBNdFl0YUdoZXFEZlNla1BoT19ldXdYRHZXZ0dzalJ6ZGprZXpOcEQ2RTRQS3hiVm5SdnFjT2dPYTJsNWV4c0RIWm02U0pvenphVWNlUWdZUm1qSmd4ZWRQVzZSYnQzeWU4M0pScnhIaW0zN29HWkhJV1g3cmZxRFRX?oc=5,,,
2026-06-25,決算 上方修正,Yahoo!ファイナンス,【決算速報】セレス、今期最終を一転2.4倍増益に上方修正・5期ぶり最高益、配当も30円増額(株探ニュース) - Yahoo!ファイナンス,https://news.google.com/rss/articles/CBMihwFBVV95cUxPUjFPN2pZd3ZQNW1MSnZpQ1kwQ0w5a2tPbVZzaXIyMUlfMHh6ay1LVUFPYkVsU3hmM3F5dTljLTFoOV9fZEF4S0JodE9heXNxR3J4VG5xd2NUOXdLRWtWVXBER3ppTGxGaWozU2ljN1M4dFVDTktvQy1sRHhzcl95emZFX21SZTQ?oc=5,,,
2026-06-25,決算 上方修正,Moomoo,トヨタ中間決算、北米赤字拡大も上方修正！株価の行方は？ - Moomoo,https://news.google.com/rss/articles/CBMivgFBVV95cUxPNzdIM3IwTG1zemhsSnYtMUtmSHFJa18weEhxUmJpcWI0d3E3SUNBS1pKNW1mQ010clhINjJHYlNZVU5EZDdLTUlkUk9KS3kyMzh1NllyZ3pKZkpoUHB4amxnVHBWcDlJRUxnWFVmR0RBSHRRZThYVTJjRlRyZkUxQXRqOThFUnBWOUR2NDdFLTNZenEtclc0aGxJX0dqbERsdDZlYk1Ea0cxMmtxWmJzWm14OEUxV0wyaE5ETFVR?oc=5,,,
2026-06-25,半導体 関連株,みんかぶ FX/為替,ダウ平均は反発 メモリー半導体関連の上値は重い＝米国株概況 - みんかぶ FX/為替,https://news.google.com/rss/articles/CBMiSEFVX3lxTE9zSVVuUFVXV3VfcDJ4eElyd0pjNEltVUx5VmJGRk5WMlJ6Q1R1aU01S0pSQm1nRERsUWZ0TjJzUUFYWGdoM1gwdg?oc=5,,,
2026-06-25,半導体 関連株,Yahoo!ファイナンス,【↑】日経平均 大引け｜ 急反発、半導体関連が買われ最高値更新 (6月25日)(株探ニュース) - Yahoo!ファイナンス,https://news.google.com/rss/articles/CBMihwFBVV95cUxQQ2dmNjkydUtXRHhJYklpeVBTUlRubjBMeDc2Z1A3WmRMdWk4UjI0Qkw3YWJ4QUZkQlBsdDJBdG03ZnBkSHJkQUY1aGxsTlhlSzQ4RUlrYWVfYVZyOUpid3dQVU16NUhsQ20tOFRINEpGYUZDdGhQbGgyWFYxam9uODhadVJfSVU?oc=5,,,
2026-06-25,半導体 関連株,第一ライフ資産運用経済研究所,台湾のデータが教えてくれる半導体株 | 藤代 宏一 | 第一ライフ資産運用経済研究所 - 第一ライフ資産運用経済研究所,https://news.google.com/rss/articles/CBMiW0FVX3lxTE1XQnR1eWQ5X2RnVnp6ZGNiWHZic0hScjBrM2lNbUg4aDA5YXdUNDViaHpsNWxwOF9oZVp6bGx2SkUwRnpyYUdteXc5Zi1GQWNad195Rkg2bkhXMmM?oc=5,,,
2026-06-25,半導体 関連株,北海道新聞デジタル,東証終値、613円安 半導体関連銘柄などに売り続出 - 北海道新聞デジタル,https://news.google.com/rss/articles/CBMiWkFVX3lxTE16OUd2ZWJzaWpKOEJrdmh0bzAxMDhzMzFfZGFZYkhBM3RBOFRMQldta3BKaTN5SUtxLTItQjUzZEp2RnVsVXBucU8tcW5KRFJPSUJ0MW5zV0pDQQ?oc=5,,,
2026-06-25,AI 関連 日本株,株探,米マイクロンの好決算を受けAI関連株に買い先行へ／日経225・本日の想定レンジ - 株探,https://news.google.com/rss/articles/CBMiYEFVX3lxTE5IRUZady1lQURVVVJRWUNwcHpaLW5kMFdGN3QzRGxaZDdqbTA3TFZVY2xESWR3UTh5VmVTLTgzWnpEb3FaWGlMV3VGODhVS2ZHaGlTT0xjWHNpamUtR0ZRRw?oc=5,,,
2026-06-25,AI 関連 日本株,Yahoo!ファイナンス,シリコンスタジオ－ストップ買い気配 フィジカルAI関連の小型株に資金流入 ＲＳＣもストップ高(トレーダーズ・ウェブ) - Yahoo!ファイナンス,https://news.google.com/rss/articles/CBMihwFBVV95cUxOM2VBdHZWWko0TklseVdYVS10eXJhaEFiWHZJR1VzZmF3aUIyRWxvdldpZGtpQ08zdFdjUnpvWVJQWGVMN0dvV3lfTzF1Ni1adl9uQWtYMWphZF85ZDlEYjBuN1BVbUhHdkhVZndLdkdMak50S29GX09NdmwyMU5acktDeHhlcDg?oc=5,,,
2026-06-25,AI 関連 日本株,ダイヤモンド・オンライン,日本株はAI一強から「AI＋景気敏感株」けん引へ、銀行・機械が下期相場の第2の柱に浮上 - ダイヤモンド・オンライン,https://news.google.com/rss/articles/CBMiTEFVX3lxTE9kbGNUNHpMaWFLdlpKU1YteGV0Z3RKUkI1bnRjV2VqZ2FUaFlmeG4yUDl0cmlzUVRJRlFWNnZ6NUZQemhtc0piV1VBLUPSAU9BVV95cUxPcVFqQWo2dWdtVC1WZ2RBeGllODFkRVlndWtqY05XWUFqTjVGMXpZV05oVVdSek9xaGlUMm00MWVKcHM1MWlYUFNfRWNOa1VN?oc=5,,,
2026-06-25,AI 関連 日本株,nomura.co.jp,年初から日経平均株価7万円までの上がった銘柄下がった銘柄 上半期の振り返りと下半期の投資テーマを展望 野村證券・大坂隼矢 | NOMURA ウェルスタイル – 野村の投資＆マネーライフ - nomura.co.jp,https://news.google.com/rss/articles/CBMiX0FVX3lxTE55SEMxR2J2S3BjRnR6NE8tdWVLal9MRVFFNmRyRERlTHdBYkNMdVM0TDdPU1JYWTQ3X1BaT3o3U2NzRkZlMFdmamUwdHoxellEOXlWQ3dLbEFjbEk4dGI0?oc=5,,,
2026-06-25,AI 関連 日本株,Bloomberg,BofA証も年末目標引き上げ、AI関連需要の拡大で広がる日本株強気論 - Bloomberg,https://news.google.com/rss/articles/CBMid0FVX3lxTE16UW5DSi1QWkNYQjRHYW56OVFCaGZ2MGFJakZjOFZpWVJQelhfYzl0Q0ZUcmRIX3hWM0RPWThCTjQ4RnUwVERQeGlLbTgwcTBEblVaMVhvMUZmY0pva09ncDdBOXZGc0xhQTNnbTVQdktMYjRqT0Zr?oc=5,,,
2026-06-25,新高値 銘柄,Yahoo!ファイナンス,ETF売買動向＝25日前引け、ＭＸＮＹダウ、野村外リートが新高値(株探ニュース) - Yahoo!ファイナンス,https://news.google.com/rss/articles/CBMihwFBVV95cUxQVS15b2QxZE16RlZMQVBJeHJ5bTdYWjNTV2pWRWpKLVNDNnowcEZISVZpNERIT3Y1Mjh1aXlUcHA4bC0tbTZlc1Vyc2l1MlFBd0NMTjhXQmhMODQ4cEFuYW1VR3RSbTY3UFE2VTc2d0FqQ2Nfek93MFRja04wSzZneU9jWDIyUk0?oc=5,,,
2026-06-25,新高値 銘柄,Moomoo,【AIメインテーマ追跡】支出が苦しい、値上げが新高値 - Moomoo,https://news.google.com/rss/articles/CBMivwFBVV95cUxQVVF6dlBObnBrUVNqWEdRSWNMRjN4WkNWcGNKR19QSFliU1lxdFFMckV6S0RSNWJGWnNaLV9aZjc4NVZsR25ycVhwNVJ4U3NXYU9xMHI1N1pvTHF5Q0FodFoyWDhNcFFrRGRkZmJuMlo5NF9NNVk3azJEQllxSmdFQS1RY3l3aElQYzF4UEdZSmswZ1Z4YlNFVUc2XzVjcDBXaUVSZWFmY3VRSTg2Uk5LZ05DNW44ekJfM2E5b0NhMA?oc=5,,,
2026-06-25,新高値 銘柄,Moomoo,【注目銘柄】ヤック・テクノロジーが新高値更新！深港通（深圳・香港ストックコネクト）と機関投資家は一斉に売却 - Moomoo,https://news.google.com/rss/articles/CBMiV0FVX3lxTE5kVmFpaXhsYjZPSXVNSFJES3FyYW5jZDJUQ2dnQVQxaXZ5Z0l4a1hTUnltbWVLSDVVelBFT2xtYVY2Y1k5UXJQWUVHNU5pdHBmYWF4YUlpSQ?oc=5,,,
2026-06-25,増配 自社株買い,Investing.com - FX | 株式市場 | ファイナンス | 金融ニュース,モルガン・スタンレー、配当15%増配と200億ドルの自社株買いを発表 執筆 - Investing.com - FX | 株式市場 | ファイナンス | 金融ニュース,https://news.google.com/rss/articles/CBMicEFVX3lxTE1pQjVjV1lDbE5SaUFOQ2dUNHg1aGwzM0RxSHJmNU4xdkpoQ2FnTEVvVmUycHJKWkZSSFFmSTNmbnh1dFJ4U2tXbkVmM1dCRklLQzBxU1dLMlBfNVRUOFR6TndCVXB6SFA1Z01MT1g5RVY?oc=5,,,
2026-06-25,増配 自社株買い,株探,小田急は急伸、増配・自社株買いなど株主還元強化を評価 - 株探,https://news.google.com/rss/articles/CBMiYEFVX3lxTFBEaTNfRDVsYnhJeGhvRXRhcjMzSGpSOTJ6UFEyWndKTktNTVl0Q0dONGx3TTNtS3hyalJpZTNpelJJb0xhMU9UVF8zZVhWMGVfMVVJMTFjbjFtdWhWdlUzZg?oc=5,,,
2026-06-25,増配 自社株買い,みんかぶ,ナ・デックスはカイ気配、２７年４月期営業益予想９７％増で９円増配へ、自社株買いも発表 - みんかぶ,https://news.google.com/rss/articles/CBMiRkFVX3lxTE1JdWdjWlZKRkF6SFhjLUFDMHEwV3hXSnZJX3FTbVRLRTRVcDlTQTVYbmw5RUIzcjc2X042ZVpkSks1WlBhYUE?oc=5,,,
2026-06-25,好決算 株価,日本経済新聞,日経平均株価、米マイクロンの好決算が追い風（先読み株式相場） - 日本経済新聞,https://news.google.com/rss/articles/CBMibEFVX3lxTFA1YUwtMTRsRGl4UVp2WVZ2NkMtbTlOMjZfZmQ2aUVobHVIX0VjOHRLdVNVaklteUFPRXctNXJEWVFPckRhR3Q1RXhPMWE2a2JadWk0OHo3WDJmT0J0eTVKUE1LUG12NlJTTjJyUw?oc=5,,,
2026-06-25,好決算 株価,時事ドットコム,東京株、一時２０００円超高 米半導体の好業績で - 時事ドットコム,https://news.google.com/rss/articles/CBMiY0FVX3lxTE1tYlozTlF2SjNJck4ydUtvQ1llcHIyOTEwS0l0TURQWDliQnl0a05wUzA3TlV1Q0RvMUk0Zk9TNmhkNDlQN3Z1Q25TdTJfNGpadkJjVFFIRUxxb1lUbG52U2UwYw?oc=5,,,
2026-06-25,好決算 株価,Bloomberg,日本市場、マイクロン好決算で株反発へ－ドル高で円は軟調推移 - Bloomberg,https://news.google.com/rss/articles/CBMid0FVX3lxTE1pY0prY2hadVNPMy11c0o5ZTN0eGZ0YURqNFJOWnFvSXp2UW12dE1XWTBEQXlhaXM0OTJSNHNLT1Z1ZzBwcUhORG84dzdwOEFzVmlPSHRoZ3pTd1JsNVlZM0QxczJfdG5YeUp5bmhERTNsaDVTNl84?oc=5,,,
2026-06-25,好決算 株価,株探,キオクシア---大幅続伸、マイクロンが想定以上の好決算発表し時間外で急伸 - 株探,https://news.google.com/rss/articles/CBMiYEFVX3lxTE1wWXpoZGVNTVQ0UTdsZWNIRWJjUTkzX2pKaktSZzJRMkE0elVOMFJXNGhDWFhKVXZjdE5sN1NwWkJTNF94LWJQaGFmTHdLV0YzUGJjalJyOElIdjdjeEFWMw?oc=5,,,
2026-06-25,好決算 株価,Reuters,今日の株式見通し＝反発へ、米マイクロン好決算や原油安が追い風 - Reuters,https://news.google.com/rss/articles/CBMigAFBVV95cUxNcDZYU1ZvRzl6LXJIMVZHbERuQ080U1h2UlZFeFQ0amt6SHZwaThaN05RcFRGVGl0eWhDdVZPQWtxZTdsNmFKOVN2LWZETjcyU0tjZGQ2SnBGMjZCc3pwM196Q3l4MFE0UzlXVi1Odk56YmZlT2JDZEd0UkREV3dwTQ?oc=5,,,
2026-06-25,好決算 株価,Yahoo!ファイナンス,米マイクロンの好決算を受けAI関連株に買い先行へ／日経225・本日の想定レンジ(フィスコ) - Yahoo!ファイナンス,https://news.google.com/rss/articles/CBMihwFBVV95cUxOTGpzbHJNQXVCeVdVMDB3RmQzbm1WUXZMNkgxLXlBcWEzbDNDM19mbmZ2RTdGaW9XZnJkcDg2MmNoVEJ3cVo5bXlIdFhrVWRBSkpfN3NfWmdMSEprZ0tYMWxiV3FCNWN3alJYcEhBTVpDNG1jM2VmZHAwdk0taTJfQjg4M2p3QkU?oc=5,,,
2026-06-25,好決算 株価,日経CNBC online,日経平均終値 3日ぶりに最高値更新 3191円高の7万2366円 歴代4位の上げ幅 米マイクロンの好決算で半導体関連株高 - 日経CNBC online,https://news.google.com/rss/articles/CBMiVEFVX3lxTE04d3l2Rzg3TXBMM0wweVdoQm1PTFFObEY0cmhRR0xsVjh6b25sdEZBdkN0LVZITGlRX1dMcVZVMGY3OGVZV01xczFwcmphcG11VHBGeg?oc=5,,,
2026-06-25,好決算 株価,kabushiki.jp,日経平均は２６７９円高で７万２０００円接近、米マイクロン好決算に韓・台株の上昇も支え＝２５日前場 速報 - kabushiki.jp,https://news.google.com/rss/articles/CBMiR0FVX3lxTE9hZWxia1g3bGV1UEYtVjNvVEVVVUIxYXpmUUlYMkhUbDh4TG04c1pGTlp4ODNIQnZYNXFYeTRIbkNEd3hBOUVj?oc=5,,,
2026-06-26,日本株 注目 銘柄,SBI証券,〈2026年5月〉株主優待 新設・拡充61社！銘柄表と注目2銘柄 - SBI証券,https://news.google.com/rss/articles/CBMif0FVX3lxTFBvMFZOMUpmSTJLTFZLdm8waFp5VjgzaEREc0ZjLVFZVHl4VlBUdF9TZm9tUy02WTlMX1pJUGFlSjVDRzBRdlhIZV9WSDBBMXBqcGR0clNNZnctS1VkMXZzVWJreG11ekFaamR5ZlNXcVhKemFvYzkzbWFQcDNvUDA?oc=5,,,
2026-06-26,日本株 注目 銘柄,株探,本日注目の【自社株買い】銘柄 (25日大引け後 発表分) - 株探,https://news.google.com/rss/articles/CBMiYEFVX3lxTE1qRzhrUmVvNEhBeFJ5Rmk1VHp2VWpXVUkyaTduQVFFb0Z2YWthaC1yUjBTNEdLbVBmZmVTbmlXcVpTQVhCX3Y0NWdNZmJ0aTFjZXFxUVRqTjNvOHMxR202Rg?oc=5,,,
2026-06-26,日本株 注目 銘柄,Yahoo!ファイナンス,テクニカルで選ぶ注目銘柄：花王＝ストキャスティクスが好転する中、５日線を上回る(ウエルスアドバイザー) - Yahoo!ファイナンス,https://news.google.com/rss/articles/CBMihwFBVV95cUxPNTM0RUhteVpodUxpX0dSYlpKU2pwUkNPaVBwQmtMT0kzRHo2eGxwVW5sUTN1RzBsNnR0OVhkVnk1cnRWN0pOQXc5am1mTW5hLWZDUjM2cHFtVWlnOFBOMzJSRmVRajE5bDMwd0JRbGFPc0MzWXFtbi02eWp3aEpwLWJyeWdwOUE?oc=5,,,
2026-06-26,日本株 注目 銘柄,日本経済新聞,雪印メグミルクやブロンコビリー 「あと一歩」銘柄に注目 ヴェリタスEYE（6月24日） - 日本経済新聞,https://news.google.com/rss/articles/CBMifkFVX3lxTFBZelVkU0FETGtRZkttdHg3X05jQXUtb2xkSWttazBIU29oTTlVUVd6a3MtUlctQ18zUUtnOU1XVjNONXN2RUtFOFZrVHJoLUkxR3J3bUs2alJaOFpwSHQ0dm1Cdzg2eDNleFpQUUpDdEhTUkdaWkxOQVd2Q3BhUQ?oc=5,,,
2026-06-26,日本株 注目 銘柄,トウシル,日経平均：今こそ注目の「割安銘柄トップ15」（西 勇太郎） - トウシル,https://news.google.com/rss/articles/CBMiWkFVX3lxTE1NOVY3NkFWQU9paUd3a0FTQ29zVlBvSktKV0RkWWp4ajB6dWozOGpxUlNjU1ZCbUdJYVV1Tm9KckduYzJtb0ZFNlM0UlJUa0ZkY2RDTEpSTFBLdw?oc=5,,,
2026-06-26,日本株 注目 銘柄,ダイヤモンド・オンライン,「Jリート」のおすすめ2銘柄を紹介！【2026年･夏】ともに投資判断が“買い”と高評価の｢オリックス不動産投資法人｣｢東急リアル・エステート投資法人｣に注目！ - ダイヤモンド・オンライン,https://news.google.com/rss/articles/CBMiU0FVX3lxTE9pazNlaVNVbi1TVlVQXzBsY0U1OGgyV1lqNGdleGZMUmFvbVlqODlRMHR3eV9sS3pHYmlmMWdWb1NyQnVaNndlYXMwMW9aZnJMdjBB?oc=5,,,
2026-06-26,決算 上方修正,Yahoo!ファイナンス,【決算速報】宮越ＨＤ、今期経常を一転黒字に上方修正(株探ニュース) - Yahoo!ファイナンス,https://news.google.com/rss/articles/CBMihwFBVV95cUxQR0dqS3Rsa0dfVGE5aldMMDBDRlVONmdqLVhJNHNzNjZEdng4LTgxMy0tOUVsR09EelNXRTMzVjFFVVZqY1JqN2p0UVh2QjNsa2NzUmtPZFNHMDZHRkNXWUo2emF3S0N3UHFDRm5iMTNMY0lQQ29nME5TbnJOc3BCVHpoRVAyaFk?oc=5,,,
2026-06-26,決算 上方修正,株探,宮越ＨＤ、今期経常を一転黒字に上方修正 - 株探,https://news.google.com/rss/articles/CBMiUkFVX3lxTE9sb3dubXdOcG5Gd0dkb1Z3T0JRRElGOGs3ZUNNdzZ0WVo3Ym9jUXJwNlRHajJIbFEtUFRWMFVtYmJIMUM0N1BvOHJkc0xROG1jaVE?oc=5,,,
2026-06-26,決算 上方修正,東洋経済オンライン,【フジクラ 株価急反発の背景】急落のショックから一転“逆ショック”／決算後1カ月で業績を上方修正した理由／驚きの業績修正に3つの理由／見通しは以前から保守的？／AIブームの追い風吹くフジクラの収益環境 - 東洋経済オンライン,https://news.google.com/rss/articles/CBMiUkFVX3lxTE4zc1Y1aE5ZVXpKX19sQy1OcHktb3hZYUluX2xteG1PV2tHQ1N0MWMtQ0xtWFVaSnF5YUpuVW5Pa3VWdVhCRlB1NTRaYUdzWnotR0E?oc=5,,,
2026-06-26,決算 上方修正,Yahoo!ファイナンス,【決算速報】ＰｏｗｅｒＸ、今期売上を5％上方修正・最高予想を上乗せ(株探ニュース) - Yahoo!ファイナンス,https://news.google.com/rss/articles/CBMihwFBVV95cUxOZGRESW14bWozSkNKSHRTNGx5VDRiRmVwVm9zLWZGSWU5MHUweGhzVEppMHEzajl3aUVPdEJuOWVMSjJkLTR5aTdETWNrQldCTFk0MVNvWkJXUTFjVzlVdEk4WEZxLUFpMjFYaUJtQkRvNlZGem1fUmp1SGV5eVFrQVRJd2hyQ3c?oc=5,,,
2026-06-26,決算 上方修正,株探,ＰｏｗｅｒＸ、今期売上を5％上方修正・最高予想を上乗せ - 株探,https://news.google.com/rss/articles/CBMiUkFVX3lxTE1xUDZPblpkLXZHa1FTUlUyMWxvS3VfRWhlYi1vMVR5YmFtSS1rRU00YXVxdDhuTWNNNTRNWnFKZjBQc1h6M0dmZVFHNlFiVU5aV3c?oc=5,,,
2026-06-26,半導体 関連株,会社四季報オンライン,26日寄り付き直後の日本株は反落､AI･半導体関連株に売り - 会社四季報オンライン,https://news.google.com/rss/articles/CBMiV0FVX3lxTE1lNDBBMU84cEVfME1QT3VfRGRRT3ZzaUx4eUI3VnB0MHFkQXduVzZSOXRzN1NCb29YajBiU05oRmZFb3ZEWGxqcVM0SnFZTDZmb1RWdWNtUQ?oc=5,,,
2026-06-26,半導体 関連株,Yahoo!ニュース,日本株は反落へ、大幅高の反動でAI・半導体関連に売り（Bloomberg） - Yahoo!ニュース,https://news.google.com/rss/articles/CBMif0FVX3lxTFB1MlJveUItQzI4bElXSUJRZUtmSGFfbjgtOEVkQ3RIWVF5dmNuU290YUI0aWNIa0ltNXlVcW5fSWt4bnllVkNhbGQwdjJPZHo4RC1mZHZid0lCYl9EaTBjaWJqdkgtaG03MDJWZUtlNktIRVczcXpOSVlpeHozRm8?oc=5,,,
2026-06-26,半導体 関連株,日本経済新聞,半導体株、世界で急反発 日経平均、最高値7万2366円 - 日本経済新聞,https://news.google.com/rss/articles/CBMibEFVX3lxTE5adzlEeXA3TFJuU0p6S3dhT1dOZE4wMXFkRUxmTklYb3UtNUtlLU5aR0FmMzk0ZUhZNGdhTXlRdk1udFNSWTQzbWtCTDlDMG1JSWdwNmFaLUdnQkhJUDB6NjdlUVN5T3ctOVFFUw?oc=5,,,
2026-06-26,半導体 関連株,現代ビジネス,"エヌビディアだけが半導体株じゃない…""斜陽産業""がAI需要で一変「メモリ関連銘柄4選」を実名公開 - 現代ビジネス",https://news.google.com/rss/articles/CBMiT0FVX3lxTE1ucnpTNWc4WDhyZXhSMUs3NlVrRUxkMjZ4Nmw3V1hMb1daelllWldPTEg1ZDlCN25KY18zWmpsNFV5c3h1LW9CVFVRSDZENzQ?oc=5,,,
2026-06-26,AI 関連 日本株,株探,前場に注目すべき3つのポイント～半導体やAI関連株の底堅さを見極めながらの押し目狙い～ - 株探,https://news.google.com/rss/articles/CBMiYEFVX3lxTE9Wci12Y1QwT2d0X2FFUElyVWsxd0RMbDlVNEJZSlRRUDNMbkotaXpIQkkxZWVYOXM1SVpNV1NPbjlmWXNsdWJjYk02TlFaMEZpdGpKdkRGYTVzeDNjbXVkVQ?oc=5,,,
2026-06-26,AI 関連 日本株,Reuters,日経平均は大幅反落、一時3700円超安 ＡＩ関連株に売り - Reuters,https://news.google.com/rss/articles/CBMigAFBVV95cUxPY0taTE9PRmtpY1B3RzJ4TjItZVFRNlZmUjdXZ0lFZzJrWk4xdDNqOGt3MVR5OG5ibkE3T0JqMW0xVU4zRDNyS1M2NGNzcWIzYTJjanpDcnVPcUx0YTZsUmVYb1RVbFdSX004Z2t3QjFwRzFjLVBBU3hkb3pmMGtkNQ?oc=5,,,
2026-06-26,AI 関連 日本株,Yahoo!ファイナンス,AI関連に利益確定売り広がり、半導体・電線など周辺セクターへ【今日の市場はどう動いた？】 - Yahoo!ファイナンス,https://news.google.com/rss/articles/CBMiZEFVX3lxTE9NX2tadXczLXJfSVQ5dWpPWV9Fd3pDZ2lFTFA1eFFsOEJFc0xKYlItNks5T3RFTzZIQms5V2w4czRmeTZCR0wtS01YOUFvRm9vNkhjTFlnUWUwc2t3VG1hVHFlZTM?oc=5,,,
2026-06-26,AI 関連 日本株,Bloomberg.com,【日本株週間展望】プラス圏維持、AIに警戒感も国内外の景況感が支え - Bloomberg.com,https://news.google.com/rss/articles/CBMijgFBVV95cUxPclpWMVBhV2hBeFk4Rm1OZVdQMTdDaEk2TUR1RVM1LVJoUm1XMkFhRXB0c3F4dXczSldNaF94MTdaV2sxWG9aTk9vS1FEQUFZemtZOVhldDNDcEdreWxTZ2NhM1RUY3M0YTdmTmRydDJWRGx4RW1sUUpUSE5XdDY2STA1WTBMTk9FeUJXTm53?oc=5,,,
2026-06-26,AI 関連 日本株,ダイヤモンド・オンライン,トランプ大統領が爆買い「AI関連10銘柄」と“値上がり益”判明！米政府も株買いなら上昇相場継続シナリオも - ダイヤモンド・オンライン,https://news.google.com/rss/articles/CBMiTEFVX3lxTE1PRGlIWTJFT0lzUEJHRDV5eVNPTE51RkhQbkxmSjVXMXVQenNtMkw3eTJBRkFJYnJPLWpfXy1JNDJFVk9jTWp1RXhzbVXSAU9BVV95cUxPZHMtSGNDVWdjeVhocVltN0RKeTFzQUlYTWJHOS1LMDNKSjVRbGxYZnpKNVhCRnFXMkU4eGo3WklsdjRPNzhMZURFNFd2UFRJ?oc=5,,,
2026-06-26,新高値 銘柄,Yahoo!ファイナンス,ETF売買動向＝26日前引け、ｉＳＩＧ社債、ｉＳ米リートが新高値(株探ニュース) - Yahoo!ファイナンス,https://news.google.com/rss/articles/CBMihwFBVV95cUxNXzg0c2JYanhOYU5GYXdNdGszWnhuRFV0M3RtQjlrSUVpVzliN2lEMS1GYkxqQnJkdnBsemx5dkVnV2NSN0xOSTRhUFo1UjRGRWRIU2tRcUNIUkVlRmZvRVJFbVFBOTRQY1RzNjlrSlJzSWVrbEh0UlZURlVVNWQ5V3VuQTJZYkU?oc=5,,,
2026-06-26,増配 自社株買い,みんかぶ,ヤマウラ、売上高・経常利益・当期純利益は過去最高を更新 2027年3月期は4年連続増配と上限16億円の自社株買いで還元強化 投稿日時： 2026/06/26 13:00[ログミーファイナンス] - みんかぶ,https://news.google.com/rss/articles/CBMiRkFVX3lxTE9LNFNIeHBJN0lvaEdkd0toZGtUOUZ2YWR6VlhqdzRzWlJIb2dSV2hQb1BnYVJIdHZwMUF3V3JkYkpWbnMtQlE?oc=5,,,
2026-06-26,増配 自社株買い,finance.biggo.jp,JPモルガン株が最高値更新、500億ドルの自社株買いと増配を発表 - finance.biggo.jp,https://news.google.com/rss/articles/CBMidEFVX3lxTE9uaVVUX0VhWnBYeElGU2hhNXZMaEZQM1Z4NkFpX0pBN3NWdWRXR2ZtLW1sZHpSak1zNC1fdVU2alNwV0VwMjhjbkMyMlUyTWZmUm5BX0RfeXE3SU8yc01iZ3padG55YjJzOTlYODQyam9BSUNP?oc=5,,,
2026-06-26,増配 自社株買い,ダイヤモンド・オンライン,【株式投資の落とし穴】「優待・増配・自社株買い」のニュースで飛びついてはいけない理由 - ダイヤモンド・オンライン,https://news.google.com/rss/articles/CBMiTEFVX3lxTE5ibk94UzVIemZHcnQtVUJJTXlnaFM4X01qa0dUZWNWRzA3Ujk0TkZBY1FIbVBQc2RLbm9HZktoWTVfMGRETVR4eTBmdnHSAU9BVV95cUxPd1VjSE1xMEVFWTFrNXhCVmgxOHE4V3pkeW5LNlJvMUlQNkI3djhSMWFrTS14Sk1sQWNCa0xzeVN6aU93T3VvRFZYNFN3RktV?oc=5,,,
2026-06-26,増配 自社株買い,Reuters,米大手32行、深刻な景気後退でも資本要件維持＝ＦＲＢ年次健全性審査 - Reuters,https://news.google.com/rss/articles/CBMigAFBVV95cUxNT1VDcUxwa1gzMG53cG1wMDl3RjhOa0hfNEhDcTlxY0s4X2lENEF3ZjZxUjhiaEoxSXJJNTBsdUptRDVuSTlfMEJRc2RmdnR5bjltVDdVQ1E1NFZISy16RHFUa2FYbFZ0b2xpSjA0YWJHTmZlamE2ejNGaHZYRkJXSw?oc=5,,,
2026-06-26,増配 自社株買い,Bloomberg.com,FRBストレステスト、米大手銀32行全てが通過－自社株買い・増配に道 - Bloomberg.com,https://news.google.com/rss/articles/CBMijgFBVV95cUxNOFMyZnp6cUowMkxETzZFRlNUWlZRcmNOYWVBWk5LaTZLWWUzTHVKeXMtY1dRbl81NlZ6Tm4tajJkMkl1dVd2NEJRZVVWQmtYLUhmWlpXX3lHM3BqZHZ4c25NLV9kakRwTDh2UTJpRVBic21fZzQxazF6VVEyVU9vS3BoWERURzVwQ3d1MzVB?oc=5,,,
2026-06-26,好決算 株価,株探,本日注目すべき【好決算】銘柄 セレス、ＦフォースＧ (25日引け後 発表分) - 株探,https://news.google.com/rss/articles/CBMiYEFVX3lxTE82N2Jydm5uMnlHTVN1a2FsUjBXeTBLbWdmRWZSd2FaSlU5aGJ5a0JXcFlmV09xYkthcXZqOFp0bFloQkhDNlAtdnBCZHRoMWtsbWUzVnhULTJsVjMxRDJldw?oc=5,,,
2026-06-26,好決算 株価,Yahoo!ファイナンス,好決算なのになぜ株価は下がる？投資初心者が陥る罠と「コンセンサス」の基本をプロが徹底解説(LIMO) - Yahoo!ファイナンス,https://news.google.com/rss/articles/CBMihwFBVV95cUxOT2gwaFpFMDJYMHVCWnI2NW5adXFmY3dPM09qcEJNZXZEUWk3ckQtTmxZamRYenFSRnpIVzg3MGthQlptR0RqSnBPZ2M1R1NfcGJ6MFNzbG5oa2w2TW9IT1VaZnBGTFJPOFVCNW43dzB6MERUbkI2VXRDSFozVWlBenB0ZWpBdTQ?oc=5,,,
2026-06-26,好決算 株価,日テレNEWS NNN,日経平均、下げ幅一時3700円超 半導体関連株に売り（2026年6月25日掲載）｜日テレNEWS NNN - 日テレNEWS NNN,https://news.google.com/rss/articles/CBMifEFVX3lxTE9nRTBTZEwyTmhjX3F6eTQtZWNOSndWc0N6VlV6c21UeUdjSG1YYy03ZUQ3aGpsX1g2UEFMNDc4MlhOSTVscDZEZ1pNaGkxc3dJeTB5cEF5WldtdHc2dmg3UElBU0dsakpWdnBHRVRxcjlrUy1vRFN1TlRQYWo?oc=5,,,
2026-06-26,好決算 株価,みんかぶ FX/為替,ダウ平均は上昇 マイクロンの好決算もナスダック下落 資金シフトの動きも＝米国株概況 - - みんかぶ FX/為替,https://news.google.com/rss/articles/CBMiSEFVX3lxTE9DWjNfQlFtTUdtWjNSVEJSZnRkd3BvUDhWdHVxVnVtVW9YS2xKSVdDZzFBaUk5MzRlckZrTkFGZ0x1MTZrb1AtTQ?oc=5,,,
2026-06-26,好決算 株価,日本経済新聞,キオクシア株価大幅続伸 米マイクロンの好決算が追い風 - 日本経済新聞,https://news.google.com/rss/articles/CBMibEFVX3lxTE9lbm5Nam5TR0hqTF9DZkhieWwzNjlXNWxYaEdqeVQwY0laU2F0TWYtNkhLSUNHMkpKZUZGVGFZdGZLbjd4T21iWDl1N3VabVpxUXhYeXVHbndqLXlZZ2JKcXo0QmZrSS1mQkJNZw?oc=5,,,
2026-06-26,好決算 株価,株探,セレブラス、決算を受け大幅安 好決算も高い期待には届かず＝米国株個別 - 株探,https://news.google.com/rss/articles/CBMiYEFVX3lxTE9OaFZNaTJodHE3SkR5R2lzTV9tYVZQdUdCX3EwR0ttejBwZTVOTTZQNlZzMHY3d0tyeDRNYVZONWtodjVyTjFDWVNjbVdJeUpvTWM3WC1raURKREk1NDljUg?oc=5,,,
2026-06-27,日本株 注目 銘柄,トウシル,8月優待人気トップ「イオン」株価急落、「仕込み時」と判断する三つの成長理由（窪田真之） - トウシル,https://news.google.com/rss/articles/CBMiWkFVX3lxTFB1amFxVGdaLWlGUXFwTVZvaE1lWEhiTWtwYUcwTGQxd1ladWFZV1YxZ0kyV3BUQU9YcmlfNVg4bDZNbmUwRmFibzNlSVNUc1Y4ZWozNzFaQ1FCUQ?oc=5,,,
2026-06-27,決算 上方修正,Yahoo!ファイナンス,今週の【決算】見どころ 全チェック！ ＜決算特集＞(株探ニュース) - Yahoo!ファイナンス,https://news.google.com/rss/articles/CBMihwFBVV95cUxNTlpxMDdRVUhsMkRPREU1dk5ESGw1ME5PUDlkajFrR2hacmhGbVZYNm9aOTdpQV9UeFpQZFpUckdfUU5TdWF4UEVwR0drTWl2VTJkNEc3QUQxN1l1TE1uelI0d2pncFBwNTRqajZCX3dkc3VIMUxobjVTUlpFdS1UR3Jic2dubVE?oc=5,,,
2026-06-27,半導体 関連株,日本経済新聞,医薬株に買いサイン点灯 半導体関連からの資金分散の受け皿に - 日本経済新聞,https://news.google.com/rss/articles/CBMibEFVX3lxTE9PbTdiNEVlbi01WWF1dTh4c2hyQnBuaVNWVnBEU3VwbmNDb1JYb0FFR3V3MU4tdG5zcUhhdmdLbEFaSVprc3dYbVJoZDhZaVhDRDBxU2h6UjMtMlZHX0R1aHJTQktmT0U2OE90ZQ?oc=5,,,
2026-06-27,半導体 関連株,会社四季報オンライン,ついに｢世界のAI･半導体バブル崩壊が始まった｣と確信した - 会社四季報オンライン,https://news.google.com/rss/articles/CBMiV0FVX3lxTE5lRnFST2pPMGxQVkNkNTdYQUlSMXI4OTFWNldqd0ZEYjVjdnNEZGwxN3JNTFFEQXFwVmZPMlYtRF9xQ2FCeVRhTk9JYTJJRUVVTHZ1cFhsTQ?oc=5,,,
2026-06-27,半導体 関連株,Reuters,米国株式市場＝Ｓ＆Ｐ小幅安、半導体株が急落 モデルナは急伸 - Reuters,https://news.google.com/rss/articles/CBMigAFBVV95cUxPSkV0aTQxU1hKQzRlWmwycmhpQ2VzLWxPcGtIWlFHWHRkMkVRSUhKSEpQZFo5LUVSajV3bWdWaVpQc1NyajcyekJ4b0p1YW9Ea3dtN0tfYy1wUkRNcjJNbU05QzFBWnNsNDhBdXUtVEtmaEJITThnYUxXbHl3VjRKUw?oc=5,,,
2026-06-27,半導体 関連株,Yahoo!ニュース,日経平均、下げ幅一時3700円超 半導体関連株に売り（日テレNEWS NNN） - Yahoo!ニュース,https://news.google.com/rss/articles/CBMif0FVX3lxTE9fY2g4Rm15QVBTSl9RcFR3Mmo5dmVBUXpkX0xoR0Jpel9mUGQ2MXFJVEJ0b2VXdVpiTmJyemNud3RhUjdOWUhJaGY0RGYzTWk5S2lzUXUxYS1QVHE1NVlzNHBuaGJRZDZBM3VYeUdtUEN4Wmx6UzFNMzdPdUk0WW8?oc=5,,,
2026-06-27,半導体 関連株,Investing.com - FX | 株式市場 | ファイナンス | 金融ニュース,アップルの値上げがAI関連銘柄への懸念を呼び、米半導体株が下落 執筆 - Investing.com - FX | 株式市場 | ファイナンス | 金融ニュース,https://news.google.com/rss/articles/CBMicEFVX3lxTE1PbHpsVjFzalpTSXJNX0F3bWNGZl84cVlwLTkxUWhwaHkwemhLYzhaa2dRZnk2YWVvMGZlVEU3RlYyQk1PbFI0a0dDNzJ1RExsUERnMHptblNOMS1sNjZmSlBKNElBSGIxTmFDb3dMV3A?oc=5,,,
2026-06-27,AI 関連 日本株,みんかぶ,新興市場見通し：大型生成AI関連株の落ち着きを待ちつつ、7月相場入りで機関投資家の買いに期待 - みんかぶ,https://news.google.com/rss/articles/CBMiRkFVX3lxTE1RTGJFMG05dS1HS3FudENNMFgtVjBhdUdXSkMzSnpuUmNZemxKMUdOSF8tUGtBUU8zajd6RE1yLWJ5aEo2QXc?oc=5,,,
2026-06-27,AI 関連 日本株,Yahoo!ニュース,ソニーは最高益でも株価低迷…AI相場に取り残された優等生が巻き返しを図る（ニューズウィーク日本版） - Yahoo!ニュース,https://news.google.com/rss/articles/CBMif0FVX3lxTE0xQWN0MzJ0TXV5QWVwV3htZGhmMlgtVmpieXJWUVR1bG5uX1puTE5PT0NpVVhQbmVoYk9fdm51MjJTVVNSVDJJUXZ5a25fY09SOVRQWFJZWWpyMHcySTVnVjJ6WHp2Z0hwQjhzOW1QWExDdEhZM1c1STB6em9GOHc?oc=5,,,
2026-06-27,AI 関連 日本株,ダイヤモンド・オンライン,【おすすめETF】AIや防衛など、いまが旬の｢テーマ型ETF｣に注目！ 投資信託より機動的に｢AI｣や｢防衛｣などのテーマ株に投資できる“おすすめETF”4本を紹介！ - ダイヤモンド・オンライン,https://news.google.com/rss/articles/CBMiU0FVX3lxTE9ncnlNbzA5M0pBMnBLd1l1RGdNYkVEdnhYWF9nWXN6QWY0NnhqcWJGOHZ6SWxBN25jS1BaVmh1azZfTklXZTEzSnQzM1Myb3dwZmpn?oc=5,,,
2026-06-27,新高値 銘柄,Moomoo,【AIメインテーマ追跡】相場は分裂、ストレージ機器が新高値更新、資金を投入する銘柄は継続的に失血 - Moomoo,https://news.google.com/rss/articles/CBMiyAFBVV95cUxPU0hqMWFoTUwxUE5FUllSU2RUdXhza1o1dy03SXJ1YWtPRFhma1U3THBudUZsZFdCSk92S21YcGxDQngxQXJyc21Lb05vWnhCSS1NU0tpWl8tYXgzLXd4VVEtdzIwVUNtRWdXbGNXNVlGenJnNTVjLVRPV1B1LUhETnJLRDJvUkhSdXVnZTZONERfVjJfYnhXMHdFOVNtR2RBSUU5czZyRS0zLVNzVTNtX2ZNMXRHUi1OalJoSW9ObVV3S3BndFZYeA?oc=5,,,
2026-06-27,増配 自社株買い,ログミーFinance,ヤマウラ（1780）、売上高・経常利益・当期純利益は過去最高を更新 2027年3月期は4年連続増配と上限16億円の自社株買いで還元強化 - ログミーFinance,https://news.google.com/rss/articles/CBMiUkFVX3lxTE5FSWFod0k2VmlPR1o1c3hZUkJwLUktbHZPQm91MzdMQlJiUWZvNnNjeGtEaFBNRlRPLWlUaHhseXl1cmFkUjN0WnBHSWdfYnphVFE?oc=5,,,
2026-06-27,増配 自社株買い,finance.biggo.jp,米FRBストレステスト：全32行が合格、ウォール街大手が500億ドルの自社株買いと増配を解禁 - finance.biggo.jp,https://news.google.com/rss/articles/CBMidEFVX3lxTE9PbTRKRkkybDREeTg2TEJkVnkwU0o3TzBzRmNQMGZ4bVd0b1YzUXQ5ZkpkTUZ2S0Y0cFJHbkx2aUcwV2NWNHpEUmhqM2NjTVdreXdOb2QxTUliUWlDNmV6cC0yb3lPcWFERVF5dXNraGtCUnVw?oc=5,,,
2026-06-27,好決算 株価,会社四季報オンライン,高値圏の乱高下相場でなお上値余地見込める好業績3銘柄 - 会社四季報オンライン,https://news.google.com/rss/articles/CBMiV0FVX3lxTE1SOHEzeVBRUFpibXhMYXFEY0FWdHNJVm8wbEhUN3NRb0k2QUZvR0lsVUpwWTU4Q2VVMG1OcW5qcDRGSDhsQ3BrTFdjcVFjZy1yTTRlQTVERQ?oc=5,,,
2026-06-28,日本株 注目 銘柄,ダイヤモンド・オンライン,【日本株】2026年・夏の「おすすめ新興株」2銘柄！格安スーパーを展開する｢トライアルHD｣、装着型ロボットスーツが海外でも伸びる｢CYBERDYNE｣に注目！ - ダイヤモンド・オンライン,https://news.google.com/rss/articles/CBMiU0FVX3lxTE9QU21ldmJmazhzRTdTZjVwek4tbGktY0lhbjhna3Y1S2lDMHZhR1BacElUS3pIY2xuUzJVOElBQmh5MllDN0xiSllXLWpQYUFTVzVF?oc=5,,,
2026-06-28,日本株 注目 銘柄,株探,本日注目の【株式分割】銘柄 (25日大引け後 発表分) - 株探,https://news.google.com/rss/articles/CBMiYEFVX3lxTE1sbUNUV2ZuV2xrWjFHVi1VMFMxX0ZrQllMUzIySFcyNDl3TVhZdTRxLVFYd2NhSm1HaTE1b0lzRll0amx1eEI2N0huV2xFT1RTamRYVE1FZjkwYXVaZ25mRA?oc=5,,,
2026-06-28,決算 上方修正,Yahoo!ファイナンス,今週の通期【業績上方修正】銘柄一覧 (6/22～6/26 発表分)(株探ニュース) - Yahoo!ファイナンス,https://news.google.com/rss/articles/CBMihwFBVV95cUxOM2g2THBrM2ZjTXducHhLVzJkWndFaklvVEtmU090WnlZZko3QkVCaVNDUXN5MG1fT3RNM0xzYXhuQmRhNEtUd2lVeVdGa0Q4VE8xa2Q2a0M1YkkxU1prUER2ZWJ6QnprV1R4ZWloMUZUREpFSnFEOWdVd0pGT1NKU2hxYXNoNHc?oc=5,,,
2026-06-28,半導体 関連株,会社四季報オンライン,26日の日経平均は3000円安､AI･半導体関連株に売り - 会社四季報オンライン,https://news.google.com/rss/articles/CBMiV0FVX3lxTE5kWngtaS1CT29xTDlDcnV0eUdmQkp0OHZESHhXMWI0QkVFVWwyLXBKclJJMmViYUJBd3k5WE5CWlVuM2JsVk1ianp2RUUyb2FrNXdmbWU1RQ?oc=5,,,
2026-06-28,半導体 関連株,株探,【今週読まれた記事】まだ五合目のAI半導体相場、“次のキオクシア”はどこに - 株探,https://news.google.com/rss/articles/CBMiYEFVX3lxTE40WkZ5bnNydHRSbldLRFJmcU15ZG0tWDZsaWUyZXMzdGI2MGU0Smt0cUFRY1pFX3dFZkZBNm5GMnpmcUhGcnBpbUk0WVVaUkRVRF90U0xyVHh2M1NhbzZfRw?oc=5,,,
2026-06-28,半導体 関連株,みんかぶ,東京株式（前引け）＝急反発、半導体関連など中心に一気に買い戻される展開 - みんかぶ,https://news.google.com/rss/articles/CBMiRkFVX3lxTFBVU1BUZ3h2Q0VKdzY1Ymw3aF9RQXZxdjFpT0k0ZXVYazZvZmxQWUVybm1TamRUdU1xRm1sX1FaZGRKcjZON2c?oc=5,,,
2026-06-28,AI 関連 日本株,ダイヤモンド・オンライン,来週（6/29～7/3）の日経平均株価の予想レンジは、6万4000～7万2000円！ キオクシアなどAI･半導体株が不安定な中、出遅れ銘柄への資金流入の有無に注目 - ダイヤモンド・オンライン,https://news.google.com/rss/articles/CBMiU0FVX3lxTE4xMDhwdm5qajFQaklxLXdNZUhZMzBLTHBxVzlnZkRTVFZscHQtLXQzckEyajVqb1NudzVIeTBZUm1POENfenh4U0h0MV91V3dzeTBN?oc=5,,,
2026-06-28,AI 関連 日本株,トウシル,高配当株5選：AI一極集中から出遅れ割安株に資金シフトか。王子HD、JFE、野村不動産など - トウシル,https://news.google.com/rss/articles/CBMiWkFVX3lxTE9SRTlFbkZwdHNfb3hNMnFCOTlSUkt2cUNiZnlrcWNUOGhSLXM2MGl0a0lwcHhESEVuaFRmbF9VQi1fUUtmZXFwM0F6ZVljd2Vxc3JnaUVod09DUQ?oc=5,,,
2026-06-28,新高値 銘柄,Moomoo,【AIメインテーマ追跡】相場は分裂、ストレージ機器が新高値更新、資金を投入する銘柄は継続的に失血 - Moomoo,https://news.google.com/rss/articles/CBMixwFBVV95cUxOQlE1dFNYTzlFeUVrVkg4ZGVKUFlBWERBY21kUjMzNnZrWGt0UVktWlk2bTZtNnVzTk44dTFCTVJNSnVFcW1ITXRXUUVNYV8yQnR6ajNrOEQ3aWZSVHU3bEdkUWI4aDY3UUd3QnhwUU5WLTNTaXVqcDRHbFpfWjFmd1pGdUdSSldpdUxaRlVpUGE3T2xwZXJ1VEtHeDNfWHhwWmZ2Q2JmcWptSFBRejB0MGdxNEhKYWs1ODJkT0RLZUM1OVRXRzlJ?oc=5,,,
2026-06-28,新高値 銘柄,株探,Ｆ＆ＬＣが新高値、１株から２株への株式分割と２６年９月期業績・配当予想の上方修正を好感 - 株探,https://news.google.com/rss/articles/CBMiYEFVX3lxTFBCa3RkcEI4NWpqc0VLai14Zkwya0hVUkhIbnhLVVpVYnF5Ynhhd2NWRkl5S2ItNWFrUkRmNTFsYU9xaTI0M3dsV3FXTmRFZEVGMVFXU3I1SXo3dW1NYnRWMQ?oc=5,,,
2026-06-28,新高値 銘柄,会社四季報オンライン,資産10億円超のDUKE。氏が語る､｢新高値ブレイク｣の極意 - 会社四季報オンライン,https://news.google.com/rss/articles/CBMiV0FVX3lxTFAyUzUycTNpMWxjR19oQWtOUW02bEtKOVh4QURMc3ZST3o5cGZiZlVkaFZzR0lncFRhUWV0VXRCOW9UZ1dNVkdiMzZLdTBfbEx2ZGdGbHduSQ?oc=5,,,
2026-06-28,新高値 銘柄,株探,キオクシアが続騰し国内時価総額で一時首位、米ＳＯＸ急伸とサンディスク新高値追い風に - 株探,https://news.google.com/rss/articles/CBMiYEFVX3lxTE9MaVlzNlFYTC1ObDR2UFNKRElZd09SNUUwUEZxVW9oNVJxMU9MTkRpSjF0X2lLM2F1QWhncjg0MG84S1hYUk1uWG1LS0FZU0MzVlE1VlN0UHRQUEV5OHA2aw?oc=5,,,
2026-06-28,好決算 株価,Yahoo!ファイナンス,明日注目すべき【好決算】銘柄 ＮａＩＴＯ、ＤＣＭ、エムアップ (26日引け後 発表分)(株探ニュース) - Yahoo!ファイナンス,https://news.google.com/rss/articles/CBMihwFBVV95cUxPQ1NmMjBSb1ZycWtMeEkwVGVqb1RCcDEwXzZGajRWek9hUVgwR0Z6WVg4eUJjeFl2dE1DYjZrWTBnWmdHLWg0NlRXZjl6d05OYnZfeEZELVI4UGxvRGFxYXpmZnJPTWl6N0FuLTFrTjdxNThUeVBNaUo5VVNMZzR4a1d5c2xBeWM?oc=5,,,
2026-06-29,日本株 注目 銘柄,Yahoo!ファイナンス,相次ぐ需給イベントで波乱含みか、米雇用統計に注目/日経平均反発【今日の注目株＆日本株市場見通し】「デイリーZAi」6月29日号(ダイヤモンド・ザイ) - Yahoo!ファイナンス,https://news.google.com/rss/articles/CBMihwFBVV95cUxNYmZCZTI4aXBZcDVSWnhTc3UyeUlxRUJqT2NmYXVYbUg5eGttTm5GVV9vWmJNVTVwaTF6c3Z6VGY4UVlDYUV1UW1wdXd1LTZkTkktWVZSbnVfSlluMF9odWJ4QU1uS0FFYVk5OWhJZUx4ak56UVBwdnRhQW1HeVBSRG9iWC1rUTA?oc=5,,,
2026-06-29,日本株 注目 銘柄,nomura.co.jp,野村證券で買われた高配当株人気ランキング（2026年3月〜5月） - nomura.co.jp,https://news.google.com/rss/articles/CBMiX0FVX3lxTFB6UWVjdC01bnkwTEUxX09zaW0zMUp4ZDBJWVBUZ3pOeGQ5Tm9fSVJZOTQ5bWlUTC1zYXBmSnV0YjFMbkxGRlZaSi1zYXpTWERHRWthWmlNSWVMazJtZHN3?oc=5,,,
2026-06-29,日本株 注目 銘柄,Yahoo!ファイナンス,テクニカルで選ぶ注目銘柄：日本ハム＝２５日線を突破、５日線と２５日線のミニＧＣが形成寸前(ウエルスアドバイザー) - Yahoo!ファイナンス,https://news.google.com/rss/articles/CBMihwFBVV95cUxPdHdnSm90S3JhMmR0NkhwTHFHd3luZjliNkZxVmpDaXRhakwzWUwwMGY1aUpIZGUzeGFTelFXV2lZYmZ5d3BleFpHM1UySHdwOHBBdmlrcDBJcGtzekV0ZDV6dmpUX2oyVGVPWW1NOVhNX1djd0JVZ2lmWXc0QTczWlhnQnFfLUk?oc=5,,,
2026-06-29,日本株 注目 銘柄,ダイヤモンド・オンライン,【おすすめETF】NISAで“じぶん年金”が作れる｢高配当株ETF｣3本を紹介！ 配当利回りが2～3％の高配当ETFをNISA口座保有して非課税で配当を受け取ろう！ - ダイヤモンド・オンライン,https://news.google.com/rss/articles/CBMiU0FVX3lxTE9rdUY4MnFvR0VxYWd2SEhJblBWRTMxdVFJdi04VzNuZXg2c296TDJJVG1DanpfRW1URWVxX2RWRmphQ3RyX2Vpb1dpQjA3Z2pCY1ZB?oc=5,,,
2026-06-29,日本株 注目 銘柄,マネクリ,日経平均株価7万円一時突破！要因と今後の注目銘柄は？ - マネクリ,https://news.google.com/rss/articles/CBMiVEFVX3lxTFBzRTZ5YjBHU180VzZtNEVOSk91S0VycURfeVphY3Y3UGhmSjNFVXdfcW5kV0x0WEpKQXg4N3luN2U2MXp3V1NrZk1xeFNQaUlpYVVzTtIBV0FVX3lxTFBLR3FLYmduRVhzc2Y4QUJQWXUtSzc2eEJpTGlJYWJ0MDhhQzF4V2FtemNtRy13WVJCWlNob1BuS0dwX2VkZGc1Y0daZlI1SjdTNnRtZ0MzYw?oc=5,,,
2026-06-29,決算 上方修正,Yahoo!ファイナンス,【決算速報】バイク王、上期経常を一転微増益に上方修正(株探ニュース) - Yahoo!ファイナンス,https://news.google.com/rss/articles/CBMihwFBVV95cUxORVJlelhhUHd1ZUI2clgyVm1yaGxBUE80X1kwX1JqcnhVUVYyR1RUQnRWLWxkYTZtbFZCWWU2Wl9ySW9uLWVaYm5DMHU1WDF5NnJLOGFOZ092WE1FMlpISS12aGIyNGdnSjczLWdDTnNBVDJWSUdZTm9DNzd6N202bUtnSEhjRTg?oc=5,,,
2026-06-29,決算 上方修正,かぶたん,★本日の【サプライズ決算】速報 (06月29日) - かぶたん,https://news.google.com/rss/articles/CBMiYEFVX3lxTE1SQVJ4eUhfYXhrQXFmZ1h4SHhlb2F5RWZrV2ZEYzdocnlqbVdWTzFxNGNKZ21IUy15Qlp4SXotQ0F1WDVqby1SQ2ZHZlRSaXlaMGN2TE1ibmsyTE5TenRxdg?oc=5,,,
2026-06-29,決算 上方修正,会社四季報オンライン,6月29日に業績・配当予想を修正した会社はこちら - 会社四季報オンライン,https://news.google.com/rss/articles/CBMiV0FVX3lxTE10cUh0ZGdEc1NzUlk5RnZEZXhzdHdIWU5Fa1VuVS1vengxOEYyMzRfQ0hoZXk3WkdFSkZlczQ2V283M3kxaFJfU3BZeW10TlBtaFVOblZ0Zw?oc=5,,,
2026-06-29,決算 上方修正,Yahoo!ファイナンス,【決算速報】ホリイフード、上期経常を40％上方修正・20期ぶり最高益更新へ(株探ニュース) - Yahoo!ファイナンス,https://news.google.com/rss/articles/CBMihwFBVV95cUxNam5nXy15NTNJeUZ6alBQUVlkaDBIeHg1NVNwckpjLWk5emdBVUNfWkVtSWZPdjQ4ellNRVhJbGVSSWVBMXZkQXVjNHU3LVBfTzZKczFxZW9BUzlmN3ZXdXlDREVaVnNFMlpQMWxCWm5rWkdPdjEtbm50X0VOenUtcXRRd1dZZEk?oc=5,,,
2026-06-29,決算 上方修正,simplywall.st,好調な第1四半期決算、業績予想の上方修正、そして新たなAI提携にもかかわらず、なぜMongoDB（MDB）の株価は5.6％下落したのか - simplywall.st,https://news.google.com/rss/articles/CBMijAFBVV95cUxOTXBINDc2b01IRXJFeEtFQWp6ZEhWa1VHM0VFWlRieDBGV2xoRVBWbndxMVdrWHJmb2w1eHpjZGtBN24wdUpqZU5sLWhZcHpOak5XRml2NFdDZlNZa1VYdzFHWm50OGRIV1RVSE1NRUh0VGFtRHM1VWxDU0tGdGs4ME1OdlpEV0xJQjZGNNIBkgFBVV95cUxQSEZWYW12OUNsXzVpSlFrdVY4MmZVeU0taGhLd3hsNER4ekVqaUYydG8wc0otMEFHXzRWRnpmc0cyOUxxbi00dXVXdUJGSTlEZmlESHN6THRJbFZ2bXczQ2ttR1dRMG5JMm53UV9oNlluUGY2Qm9wNDdaUmRjcUh5ZllIMmZVZWUxQ2YxaG9EX09FZw?oc=5,,,
2026-06-29,決算 上方修正,かぶたん,バイク王、上期経常を一転微増益に上方修正 - かぶたん,https://news.google.com/rss/articles/CBMiUkFVX3lxTE5uQTlwRjVYX2doRjZJLTVmZURQZWhaNnVybWctZVZoeEtPd0dreVRBOXJVcUNUVEJjbUp2LWFQUThpSl9uQk9rRWs0VWNsaXp3VEE?oc=5,,,
2026-06-29,決算 上方修正,会社四季報オンライン,亜鉛価格高騰追い風に業績上方修正の余地ある非鉄金属株 - 会社四季報オンライン,https://news.google.com/rss/articles/CBMiV0FVX3lxTE9FX29lVkdMeGhuUF85UlhBb3NGVnJpV2hRcFBQc1BxZDk4S2lXOU1BSHg5SHY4UTJkNVE1anZOa19QallGYWhzZm5GdVQtd3EyUUttekE2WQ?oc=5,,,
2026-06-29,半導体 関連株,トウシル,日経平均・半導体関連株が大荒れ、目先調整か？（窪田真之） - トウシル,https://news.google.com/rss/articles/CBMiWkFVX3lxTE9EN29Va3VoeGhzT0tXeTNBYkVtZC1UM3VIVDBvbkt6VHNYYTZnMzlGemlVV2VQOXMzVWFLcVYzN0RRcV96Q0htQlN2N1RvazJ1bmQ2TkJSLW5UZw?oc=5,,,
2026-06-29,半導体 関連株,かぶたん,明日の株式相場に向けて＝ＡＩ・半導体株波乱、逆転の投資術は - かぶたん,https://news.google.com/rss/articles/CBMiYEFVX3lxTE8zcG9TSGlFVExRODN4cGlNa1JzVlZ5Qjd1bm9PLURTRDZEb3FWNkd4TFpOaUZjNElNdmRoY1ZKbnVNZDZndHRUMk40bU81bGpDZlFRbThDSUxDZUNieUhjVQ?oc=5,,,
2026-06-29,半導体 関連株,マネックス証券,【今さら聞けない！半導体株入門】AIブームで上昇した銘柄と次の主役候補を探る - マネックス証券,https://news.google.com/rss/articles/CBMiYEFVX3lxTFB1N0MzVGpKT0JLeW1BYUlBY2M0Rk1fWFU5RHE0dkNjR0d0QnRqT2VOQ3hkc2RpUV9BRGRkYjhVVmdYWWpabUVQd3RPdV9ZSmFMTzFXMXUxM09OV3A1MkpKZg?oc=5,,,
2026-06-29,半導体 関連株,会社四季報オンライン,業績上ブレる｢隠れ半導体銘柄｣熱制御技術のあの会社 - 会社四季報オンライン,https://news.google.com/rss/articles/CBMiV0FVX3lxTE42MmRZMVRJQnVONnRaaUI5TEw2Y1FUbnlrRU9oalAtUndHbG9kT0t5QmZmY3duTEJZSm9DVVozMHJtaEZnNzRxRm0zMzBub0lJc2xKdjctaw?oc=5,,,
2026-06-29,半導体 関連株,トレーダーズ・ウェブ,〔Market Flash〕半導体関連株に買いの好機？～大和 | 個別記事 | ニュース - トレーダーズ・ウェブ,https://news.google.com/rss/articles/CBMiV0FVX3lxTE9MVmxnWUxCbm44eU11eUdwTHhnakNPR3ZwN2dXLS1FeDRob1VxbFZPSjZvNk80MnRlY1ZrR1gxcmp5dXNBenRVQzJ6dDQ4cGQwbUhvTm05dw?oc=5,,,
2026-06-29,半導体 関連株,ライブドアニュース,株価指数先物【引け後】 世界の半導体やAI関連株にらみでのスキャルピング - ライブドアニュース,https://news.google.com/rss/articles/CBMiX0FVX3lxTE9jOHl0MThOTTl4bkFUUXhIQ1M3STRaNlZ3NWczUThsaU1mbldKTXlFMWtPZ0RuY0FOT2VLNklGVkpfeDE1dmluMF9QTUkzMkhFWG9uTTRXQ3ZKRDJoemdF?oc=5,,,
2026-06-29,半導体 関連株,トウシル,日経平均・半導体関連株が大荒れ、目先調整か？（窪田真之） - トウシル,https://news.google.com/rss/articles/CBMiY0FVX3lxTE51anQ1WDY0OVpUbTBpX2RjM0FNbkpkWEh4U2p5T0hEUHZMeGZJNXpRX2hLQUg5QVRyQVBSOVB6aHRqWlpxRkRJYnlwVE9aQW9UOEl4bkdYYjAxV3ZLdGZZTHdRUQ?oc=5,,,
2026-06-29,AI 関連 日本株,Reuters,日経平均は小幅反発、内需株に買い ＡＩ関連が重し - Reuters,https://news.google.com/rss/articles/CBMigAFBVV95cUxPd0hMOWxwMkZQQTBjMXBVbDFlUVNaV3B3NDR5eUU4V3NFRXpHRnJ4Y0FlM0hlREV2cGV3UV95Z0dZeTYwWXpFcnQ4bm1CS1AwLWo5SHctOTVaZENEMXIwT3hsaHd2eHhkcDAtQVAyczFqXzZQNWRvRkNKYlVOUDE1ZA?oc=5,,,
2026-06-29,AI 関連 日本株,かぶたん,前場に注目すべき3つのポイント～半導体やAI関連株へは慎重姿勢～ - かぶたん,https://news.google.com/rss/articles/CBMiYEFVX3lxTE1fMzRUNlhtVWtHdGc4eFF2QzN4SEVNQ1lhcWxxbjU3ZjhTSWRNY1pkbzBwU2dKblFnZktScEJkTjZRN0pvREdUeTdXMDllS3FXV2VCWC1oUURSNjZTeVRnTA?oc=5,,,
2026-06-29,AI 関連 日本株,ニューズウィーク日本版,日経平均は小幅反発、内需株に買い ＡＩ関連が重し - ニューズウィーク日本版,https://news.google.com/rss/articles/CBMiWkFVX3lxTFBQRG1SanF2d0QzbE5KSzNvQXYtUHVQS0ZIU19pLXhzRnpNeE1GYjFiemt6RFRmNmJEa2JWa3NKWXRkYUZRVGpFaDl5eExPOVdxWVlmbjlyY0JrZw?oc=5,,,
2026-06-29,AI 関連 日本株,Yahoo!ファイナンス,RBCブルーベイ、AI銘柄は夏に調整も－リスク減らし来年の再上昇待ち(Bloomberg) - Yahoo!ファイナンス,https://news.google.com/rss/articles/CBMihwFBVV95cUxPeUZ1c3YtemhKdjM3cXNsMi0xR1FDX2ZjaFZMajd4VXZmdG5sUHlBOEVSUDk3M05ISkpub2wyMkNKMTFSTEpNLVUyVVBsc21tNkZsanN1ajdJclM3ZHZsU05wRlluOW9QZkx2QTFycklvWEtzU1JEaHJ4aFowVGhFa3dqX3BXWnM?oc=5,,,
2026-06-29,AI 関連 日本株,ｄメニューニュース,日経平均は小幅反発、内需株に買い　ＡＩ関連が重し - ｄメニューニュース,https://news.google.com/rss/articles/CBMiggFBVV95cUxQSFE1cF9DbU91MGs1cEY0Nkw4MVJTYk9RcEFTUUFvcTZyR0lNNE12YmNxaFFuNWMyTmRLYUg1OWtHRzZvWnl2QkQ2MkhNTjI0VE5ORFZlbVNNX2JnemYybjdOU3l2Y2tGNXRvcFZ0bmV0d2dQODVsTWplZ0hoc09wUTln0gGHAUFVX3lxTE5FQlp4cmNLc3BienZKT3FZMDBhWVItYWtJd0JONmFPMXI5blB0SmlnWjRBZlRqR0dkOTVKLXNrc3NOQmxzT0dOLS1SZjFpRVRMQVJ2WGd4ODdweUVOdk1FMmptajdtRkR2aGxHbHVrS0ZFQ21oT0pMcWQzcnVFRlJVM1ZmazBkbw?oc=5,,,
2026-06-29,新高値 銘柄,Yahoo!ファイナンス,ETF売買動向＝29日前引け、ｉＳ米高配当、ｉＳ米増配株が新高値(株探ニュース) - Yahoo!ファイナンス,https://news.google.com/rss/articles/CBMihwFBVV95cUxQV0xydGhYRnNNTXlOZ2tLVU5GWWo4WXdsQW5pM3FRTlBhQW15RWwxaGNOTkQ0ZUFZTFROdmVsNHR2ck1fclpzWFd0V2Qya2Vyc3JGMGpZWnowc09BdmpNZDg2WXh3Q0xWQ29GanB3YzZMZldCZ2plYnQ3RFloWjBZY2dua2MzUU0?oc=5,,,
2026-06-29,新高値 銘柄,かぶたん,カナモトが続伸し新高値、４月中間期経常益２６％増で配当予想増額修正を評価 - かぶたん,https://news.google.com/rss/articles/CBMiYEFVX3lxTE5jSzdtazd1SEZJejgxNFBZbGFoc2hEbmh0QUMxa0tyMC02NVBMQzcyWUxsdEhpSzR3WllJWU9zN1hKZnE4VTJxZTZVV2N2eWllWjhNbmZhTWUwdkpxQjBTSg?oc=5,,,
2026-06-29,新高値 銘柄,かぶたん,オリックスは大幅に４日続伸し新高値、上限９．１％の自社株買いを実施 - かぶたん,https://news.google.com/rss/articles/CBMiYEFVX3lxTE1KdzdWemtBVU9pOTBCX3RGMzR3TzJyc2RiaWxXQ0VWQmo4SW10YlZBSHBJLXNiel93aXZkWlpMdFhzbEd2MlRlWTBnbnRiYjQwVk5jTmVoaTR0Rk1VcGgyMg?oc=5,,,
2026-06-29,増配 自社株買い,simplywall.st,シティグループ（C）は増配と自社株買い発表を受けてなお割安なのか？ - simplywall.st,https://news.google.com/rss/articles/CBMiiwFBVV95cUxPVHBLU2U5VjdJZ3ZCOEhrZks4b1VEa1NYMXlweEJqb2M3VjRlUVhrSzFIeUlxUFNHd1BPRUo1eFdVaUFRdEJjc3JyZnZjS2MzWEU3bXAtYTRKTGtMLVljRmVPcW1QWjRNaF9Na01WRjFkMzI1eEx4M0NJQkk4eGFGY0xsYVpId1pKUGhB0gGLAUFVX3lxTE9UcEtTZTlWN0lndkI4SGtmSzhvVURrU1gxeXB4QmpvYzdWNGVRWGtLMUh5SXFQU0d3UE9FSjV4V1VpQVF0QmNzcnJmdmNLYzNYRTdtcC1hNEpMa0wtWWNGZU9xbVBaNE1oX01rTVZGMWQzMjV4THgzQ0lCSTh4YUZjTGxhWkh3WkpQaEE?oc=5,,,
2026-06-29,好決算 株価,Yahoo!ファイナンス,本日注目すべき【好決算】銘柄 ＮａＩＴＯ、ＤＣＭ、エムアップ (26日引け後 発表分)(株探ニュース) - Yahoo!ファイナンス,https://news.google.com/rss/articles/CBMihwFBVV95cUxQTWtVeW9mdzZiR2Fqd0dTZnUweENHbVRnN3dMR3FRMXc5SWxVZTFCcnlTMFY1OVY1dVlLWjItbHN0TW5vdXJyczZ5S0tId182aVhHUERIUDFfSEtTcTJkQXRTUTVDT1FMNHl2OVREZDZwVkxPalB1SGdGbElRQ3VuSURPMS0zSlE?oc=5,,,
2026-06-29,好決算 株価,Investing.com - FX | 株式市場 | ファイナンス | 金融ニュース,クイデルオルソ株が急騰、好決算と感染症拡大が追い風に 執筆 - Investing.com - FX | 株式市場 | ファイナンス | 金融ニュース,https://news.google.com/rss/articles/CBMid0FVX3lxTE1TWlNxYXhvaFk4LVNycHRCZDhjR2oxZEFXcnExLW9CS3owSGFzMHVFcU1PWDJwbDVpNktselNQTjlRcWpoWVJYNEUybDNJQUxmRGk2S29GQ1hXUHREbkFjSTc4MUxzOHM5dmZzRk9IZXJFQThQZlp3?oc=5,,,
2026-06-29,好決算 株価,SBI証券,日経平均が一時6万円！好業績・株価上昇期待の11銘柄 - SBI証券,https://news.google.com/rss/articles/CBMif0FVX3lxTE9WdkR6MWUtZldIUHF4VFdRdHB5NE5zT1l4Nk5uVFVpSk5keTFiVkNXN1NjVV96TmlBcF9BU0tmakk3YW9IcDk4SjZjaldXMWVxTGl1WUtKTkpzSTRpWU9CTnlUdFpLVzJ2eVlXSzRUZnNzd2VkNEktdVVtTENwTG8?oc=5,,,
2026-06-30,日本株 注目 銘柄,Yahoo!ファイナンス,テクニカルで選ぶ注目銘柄：イオン＝２５日線を突破、５日線と２５日線のミニＧＣ形成が射程圏内(ウエルスアドバイザー) - Yahoo!ファイナンス,https://news.google.com/rss/articles/CBMihwFBVV95cUxQY1YwZlBYc29pU3JtblN1RTM4YVUzUlZwX3FkbERuV0M4Z3ctM2RkQzZkVnJFeG1GajBUT1pQWVcwa0IyYjZhWnJ1bWJfY3pvdmRrTkpib0wzV3dzTk43dVVQLVA5YWN0a2pXMnhzWGtOSDZhS0JqbEc2VU9yR1JWdnVodGg4RzA?oc=5,,,
2026-06-30,日本株 注目 銘柄,マネクリ,【日本株】PBR1倍超でも割安株は見つかる、理論株価で探した注目銘柄15選 - マネクリ,https://news.google.com/rss/articles/CBMiVEFVX3lxTFB1NmtLb1ZrYlA5Vk9kWWNYbUxHckpWMk9tTWtIOW9nLW9rUURyMmMxMDRER1J4VUZoYkRyWS03TzFTdUJ4SzZDbEZwbEJrZERxYjQxZNIBV0FVX3lxTE5HUjU4QS1VamNSX2h2cmlQbmozSENqTVBtWVBYWGp5OXhoLVF4M0dSbHVfelJHX1ItN09VYTdCOWU0SkQ2XzlvVVUzSElybjBZMkgzX0FmSQ?oc=5,,,
2026-06-30,日本株 注目 銘柄,ダイヤモンド・オンライン,【米国株】GAFAM＋αの中で“AI普及で収益力を高めた”2銘柄を紹介！ AI相場の本命で85％増収の｢エヌビディア｣、AIでクラウド事業が好調の｢アマゾン｣に注目 - ダイヤモンド・オンライン,https://news.google.com/rss/articles/CBMiU0FVX3lxTFBkX3Q3ZXFfUTZZaHIyV29ydEtLS25YVENMdndUNTJkZy1HLUxKcVk1RDd5UHJIWFplU2ZxVmFJQTRNRTgxVkR2NTNXTDVJZThFLUY0?oc=5,,,
2026-06-30,日本株 注目 銘柄,Yahoo!ファイナンス,本日注目の【自社株買い】銘柄 (29日大引け後 発表分)(株探ニュース) - Yahoo!ファイナンス,https://news.google.com/rss/articles/CBMihwFBVV95cUxQRXdDZUtvSk5wWjlIRFVKaUpjZWM4RUlfZDU4emJtRVVPSnVvYVltQ0RLcXF1N1ZGT1FZbDJLb0Zwc3poS0ZUZFViTnBhOUtndng3N2ZtWE5hZk9WaVd6cER2TU5qRXlpelA2SHhzZzgtRHFwV1hHZkJPZUJ1Ulo0S0Uwc1lPY0E?oc=5,,,
2026-06-30,日本株 注目 銘柄,SBI証券,2026年の有望銘柄を探る（1）～来期大幅増益期待12選 - SBI証券,https://news.google.com/rss/articles/CBMif0FVX3lxTFAtemdobHpMVGFWelYzVHZhLWZ0TVk5T2dhMC05eHVBMWtsZXFzY2hqNHhhcFNXbWktWjN6Q1ZoTHpGUTU2eDcxZ25xVFNmYzl4Y3R2eFYtMTNkYW1HaEJaamYwY0VyNVpJZFZVQU9DRXdEaU5YdWNXekpRb0Z5YU0?oc=5,,,
2026-06-30,日本株 注目 銘柄,トウシル,日経平均：今こそ注目の「割安銘柄TOP5」（西 勇太郎） - トウシル,https://news.google.com/rss/articles/CBMiWkFVX3lxTE5KWE10ei1WemVVYmo1X3lUU3Q3enQwc2JwQVJwU0dtS1FQNVlVNmxCNVN6dzJjdjRBQ3JiSVpUTG5NS2pWRldoNkpTT1pNdjJJdmFuMnRFM0hUdw?oc=5,,,
2026-06-30,決算 上方修正,Yahoo!ファイナンス,【決算速報】ＴＯＮＥ、前期経常を25％上方修正・9期ぶり最高益、配当も4円増額(株探ニュース) - Yahoo!ファイナンス,https://news.google.com/rss/articles/CBMihwFBVV95cUxQOGM1aU5iVnVfU2R2X3pNWkpnazFLX3gxWEduZmlsN25tUlJVXzdFLXpTdUpRN1hPWGNvdVFUWndhUkVDeno4dmNNZFF4dW5JT1RWeTZucTQwLWR1REtJTmpmLVJLUloyUzNJM1lOX3RvTzQ1dXhsZHF0cEU1dzM5X0Q4cTRzbDg?oc=5,,,
2026-06-30,決算 上方修正,株探,小津産業、前期経常を21％上方修正 - 株探,https://news.google.com/rss/articles/CBMiUkFVX3lxTE9JT25FMmJJZDhEVUt3Wm5wOFBYMU1RRV9HWE4tV1c5enJWNHE1NGJGamtkM2ZkOW5rXzAzNUpydGNsN3pkamdHNVk1eVZIR1BmbHc?oc=5,,,
2026-06-30,決算 上方修正,四季報オンライン,MIRAINIがストップ高､27年3月期業績･配当を上方修正 - 四季報オンライン,https://news.google.com/rss/articles/CBMiV0FVX3lxTE8yc1QxaE1tLUFyb0t0MC1fQ2lxaERDVV9ZQ0RGZU12bjZhZTJmVWxtcndZVzZ6MkxhOWdCSzgtN1ZsTUF1Zk1zeUFiLXpiWFdIYzVKUDM2Yw?oc=5,,,
2026-06-30,決算 上方修正,Yahoo!ファイナンス,【決算速報】Ａｍａｚｉａ、今期最終を赤字縮小に上方修正(株探ニュース) - Yahoo!ファイナンス,https://news.google.com/rss/articles/CBMihwFBVV95cUxPemZaNS1PNXBvT1BHOWt5R0VyQ2tsSnduMGxybjhuYzRXX2NyUVh3WFJzUnB2YTQyOVEwYWNsdlBXTG5vZkpHWi1EZG1CU1FCRldWaGRJVXQ0Q2RHNzRyWXNhVXJKNnI2Yko1eXhEdG5rRkN5T3JiajI3NEtYMVZfSWMycEhaRDA?oc=5,,,
2026-06-30,決算 上方修正,株探,マリオン、今期経常を3％上方修正、配当も0.6円増額 - 株探,https://news.google.com/rss/articles/CBMiUkFVX3lxTFBTVmVYeVhXeEd4cm5uam9SejlPV1R5ZEhFUmwwV3gyTk9Tc0dEMU9PQzJHcExYdFJTRUFVR1I4VEhqWlR2NGdPLXhSc1RBQ2FjVWc?oc=5,,,
2026-06-30,決算 上方修正,Yahoo!ファイナンス,【決算速報】マリオン、今期経常を3％上方修正、配当も0.6円増額(株探ニュース) - Yahoo!ファイナンス,https://news.google.com/rss/articles/CBMihwFBVV95cUxPd3BpSE9jM1NvSGRENUJCNXpUenhLcjVRcnV3VEE3cjBmT2xyT2ZHeW1nVktuZ0hEeFBJaU1IQWRWOFJkN1k2Y0p6dkFZSEVKVW80V2s3Ul8yWVdDUDlFbFBfeDJ3a0dlSGRWd3dsVFJwOE4yYTlOdTVPaXJWMmE3R0VuR0NFRUE?oc=5,,,
2026-06-30,決算 上方修正,株探,ＴＯＮＥ、前期経常を25％上方修正・9期ぶり最高益、配当も4円増額 - 株探,https://news.google.com/rss/articles/CBMiUkFVX3lxTFAzeUpZcTY2LVJyM1dTU1l2QnJzTkpCWFdKX1VvaG5iZTl5T0Z4aUl1UmZQbkVyMjV5ZDRPMURvdHp2LTVTYWpVRTNKQTllYkM4V3c?oc=5,,,
2026-06-30,決算 上方修正,Yahoo!ファイナンス,【決算速報】小津産業、前期経常を21％上方修正(株探ニュース) - Yahoo!ファイナンス,https://news.google.com/rss/articles/CBMihwFBVV95cUxPT0ZqY25fdEpqZ0xDNTVudFJQMWFoLUVjdTNGa1RPZ3R1a1E4OERZMW1wMV9iMElRYm5BWWdWZHdPNjNmcmotVjNmUFhJSEJDYWU3YXY4UGJwNEpwUFc5UHY3UmI4MmZMdUlnSXRoY2ZwSHVMU1JSLVhkcVBWYjFCS0FZSDJlaVU?oc=5,,,
2026-06-30,半導体 関連株,四季報オンライン,30日寄り付き直後の日本株は上昇､AI･半導体関連に買い - 四季報オンライン,https://news.google.com/rss/articles/CBMiV0FVX3lxTE5uTklXa3NldVF6N1dkdGpCalJaZkEydjMzUFl1U3ByVlNyeWR2RmZWcEdmejY2d1F2WmV0ei1hdXFIMldIVGx1N1VLOXdUYlZoVkljaHhMQQ?oc=5,,,
2026-06-30,半導体 関連株,株探,前場に注目すべき3つのポイント～物色は半導体やAI関連株の一角に絞られる～ - 株探,https://news.google.com/rss/articles/CBMiYEFVX3lxTE9aUXkxRUZHZWZFakpWY2NyS3pZZnFyNjJvc2lRQ3VGQlBQdHJLTmkxNDdwSV9oWjVmY0MwTXl2S2lzSVc5Sk1MOVRxT2xDT3pOUEdrQl9tRVRIM29COWc4OQ?oc=5,,,
2026-06-30,半導体 関連株,Investing.com - FX | 株式市場 | ファイナンス | 金融ニュース,物色は半導体やAI関連株の一角に絞られる 執筆 - Investing.com - FX | 株式市場 | ファイナンス | 金融ニュース,https://news.google.com/rss/articles/CBMicEFVX3lxTE5DZUwxLUhmZkhIOVUwT2dTY2FVLUdiSTJFRFZiNVlfd0RGbWpmZVk3Smo5LVZFeG9jT3pWQUtzMnZjblYyUXhwMWFOR3JOYXEwOTF5Q2U4bnZweUFyLTJzbHUyM1pVWS1KcnZYVG9sUUE?oc=5,,,
2026-06-30,半導体 関連株,Yahoo!ファイナンス,AI半導体関連の派生テーマとして必見、「プリント基板」に活躍の舞台 ＜株探トップ特集＞(株探ニュース) - Yahoo!ファイナンス,https://news.google.com/rss/articles/CBMihwFBVV95cUxOWFRJWE1yblVsSVhzblZzSWxfU0R3c19yaVFlM2tRb1lxWG96YWJmUEl0bUVzbUJhLTBVQ0gtSkdhTF9vU2VDV2tZcnVNU19sQ2M3eGZ6c0JkbXZYVXZQRFBvdV9RMmZvcWg1WmdoQ1dycVMxbWZOMUdwajZkSHl0VU9ObFRhQjg?oc=5,,,
2026-06-30,半導体 関連株,ｄメニューニュース,中国・香港株式市場・大引け＝中国株続伸、ＰＭＩ上振れでＡＩ・半導体株に買い　香港反落 - ｄメニューニュース,https://news.google.com/rss/articles/CBMiggFBVV95cUxNWkVEY056bC1WTVVvbTlZTEF1cE15NlB3RHQwd3BFMVJGVEtBV1BLMElGMXN1U1duR0gtaHV5cTluUVgzU0RoTFVIWUg0NHM4aG1OeWdCTlNGUHdOUlVKTk1hcldNd1RxUXRFeVVOdzNDd1ZocURXTDFmRVFldm85Um5B0gGHAUFVX3lxTE03VWNrUFVGdnFLdVJDM1M3Y2tnd0dEVnJfcjdDd29pLUUxSEhFQ1J5ZThaeWhvSWlVcVZIWmtWcjNnMDhJSW1vci1VWjBCUTN0MHRhTHdjVHdUNzFySC1GOWRaOXVqRFlCc0ZjNW42YVZJLVZoRkVnOXU5UFItcUpkbUVkczhVVQ?oc=5,,,
2026-06-30,半導体 関連株,四季報オンライン,半導体株と併せて持つべき究極の｢セクターと厳選7銘柄｣ - 四季報オンライン,https://news.google.com/rss/articles/CBMiV0FVX3lxTE55N0RyUl9fWHZPekdzdjNhZmRNN0dlYS1KcFRyQlB2Z2E3MnhvanFIb0dUN3Y0ZWZldUhkZFcyNXl0TGNsdFVWa01aSXpqbUNSa3NrU3h6NA?oc=5,,,
2026-06-30,半導体 関連株,日本経済新聞,世界株高、韓台日がけん引 メモリー高騰でキオクシアは株価5倍 - 日本経済新聞,https://news.google.com/rss/articles/CBMibEFVX3lxTE0wNVhHbFJBYzFrcmk1Q1Y4NFhIeTNaX2tmMk5uTVV4VkdyT1dMcFZnZGlxeWFpYUtDRGNZTmtGTTUwOVFUZng3M1R6T2dITWQwM2VFSlpqSDJmTF9RSm9JaHpVVUN6WElJX2xrWg?oc=5,,,
2026-06-30,AI 関連 日本株,Yahoo!ニュース,日本市場、株価はAI関連中心に上昇へ－円は約40年ぶり安値圏で推移（Bloomberg） - Yahoo!ニュース,https://news.google.com/rss/articles/CBMif0FVX3lxTFA2Yi1CS283a2l6YU8yZWRGaVdvTXRGT1N0TmdCd1IwXzFXd2twT2l1WTgxNnhCLTN3U3gwcm9obnBHblRLdlVmM1JSQzYyTUw0Q1hFcjl6LXZzLU9PbmQ4T2lEM0F1b0xVaUVQUjJrMFhqdHppeWg1VDY0eGhXanc?oc=5,,,
2026-06-30,AI 関連 日本株,第一ライフ資産運用経済研究所,日経平均株価に働き始めた調整圧力 ～AIバブルに加わった試練～ | 熊野 英生 | 第一ライフ資産運用経済研究所 - 第一ライフ資産運用経済研究所,https://news.google.com/rss/articles/CBMiW0FVX3lxTFBlWmhzMDhueV85UWk3TXZjZEVlWG8wTVlWX0o5S3NnWEROc1lIYkx2M1pWc053NjV2M01BcEd4OGJMLTRMR2tHMHJ3Qmo5WDMzMzJjQkQ0R1hRckk?oc=5,,,
2026-06-30,新高値 銘柄,Yahoo!ファイナンス,ETF売買動向＝30日前引け、ニＳＰＥＷ無、野村外リートが新高値(株探ニュース) - Yahoo!ファイナンス,https://news.google.com/rss/articles/CBMihwFBVV95cUxNNDFZYWpsRFJPU2E0cW5NMFVNSGRmdlZQMktnY3V6Vms0bFhEYUlRNU9naUt5VGFhX050WUNZX2JMeDdCcUd2dG1nSU1TOXJzektBYmNQZTZreXJzWnRhNHNfbV9jVUpIWGNiN25DLWRDSXpqXzJCVURHUkpUbGxsX0xYc3Nsd2M?oc=5,,,
2026-06-30,新高値 銘柄,Moomoo,新高値目前の米国株と底入れ反発する香港株 - 6月26日及び29日の振り返り - Moomoo,https://news.google.com/rss/articles/CBMimgFBVV95cUxNWF9fUHRiR2lIWlpYV2RONXQwcFZCUXNQUUpCcXl3VW1iTFYzUThTNGpJWHAtWnFiaFQyMGxTUVB4ZXRKUjRLS3JiUEpLM0ZJUGhUaEFhQzVjc3liTTFYaEFNalp0X3I2YWFNSVlqTDh3cDhuWnJWa3J5NVZXVWZiQ09QcDVsWGNXS0RPc1BtOXRiM3lxOXZvR2h3?oc=5,,,
2026-06-30,新高値 銘柄,みんかぶ,Ｇセキュリがマド開け急騰で５カ月半ぶり新高値、米ソフトウェア関連株買い戻しに触発され好業績再評価の動き - みんかぶ,https://news.google.com/rss/articles/CBMiRkFVX3lxTFBreUtvbWQ1M0tOdGxFU3Rxazh1U29GaTRXQVpYeFpQYUxqRTZfLUg2OFp4UFZzWHlPdlNDNVh1bGc2UnR5ZkE?oc=5,,,
2026-06-30,増配 自社株買い,四季報オンライン,ナガイレーベンが大幅続伸､増配や自己株買いを好感 - 四季報オンライン,https://news.google.com/rss/articles/CBMiV0FVX3lxTE5WcE1QSF9ubFBMLVBYenNpaTA1bk8wR0RKVUx4ZDlRRDBGYTdYR3JyVWlWOFBqWjdfemxQM0ZoakE0VUtRNWw3aTc5VVVZS3hKdEQxdUZzUQ?oc=5,,,
2026-06-30,増配 自社株買い,Investing.com - FX | 株式市場 | ファイナンス | 金融ニュース,ナガイレーベン---大幅続伸、増配や自社株買いの発表を好感 執筆 - Investing.com - FX | 株式市場 | ファイナンス | 金融ニュース,https://news.google.com/rss/articles/CBMicEFVX3lxTE45QnZJT0pDQnBDQW1OZWpmZVVHS1NXbWxEMEdzR1dZNkNLQzhNak94MXpDY3dsRmh2dm1qaVVvV2wydWU5VkUwbmRlUDlvLW5GamthSnhOLW1XOWtKbXA3VlBXMk44WHQ2YV93QU5RWjA?oc=5,,,
2026-06-30,増配 自社株買い,ｄメニューニュース,ナガイレーベン---大幅続伸、増配や自社株買いの発表を好感 - ｄメニューニュース,https://news.google.com/rss/articles/CBMijAFBVV95cUxNaVEwZWs2QXdFM1diWk93NnBHdlhXNEdHTXV0OVI2NDQ1cGowY09iajRHdTJ3cmw1cUQtajVJVkdfaEtNc3VtbGFiRmpJNWNRT0RQdkVmRkpZMDN5c0FFU2x1ZnA5RGxZSFVPc1hVdW5ibXM4eHI4dG9kd2lqSDBQZko3alJXZ0ZDcXU1OdIBjAFBVV95cUxNaVEwZWs2QXdFM1diWk93NnBHdlhXNEdHTXV0OVI2NDQ1cGowY09iajRHdTJ3cmw1cUQtajVJVkdfaEtNc3VtbGFiRmpJNWNRT0RQdkVmRkpZMDN5c0FFU2x1ZnA5RGxZSFVPc1hVdW5ibXM4eHI4dG9kd2lqSDBQZko3alJXZ0ZDcXU1OQ?oc=5,,,
2026-06-30,増配 自社株買い,みんかぶ,ナガイレーベが続急伸、自社株買いと期末一括配当予想の増額修正を好感 - みんかぶ,https://news.google.com/rss/articles/CBMiRkFVX3lxTE4yckJUc0tBanVzWlZVb3NhSTdRaS1zeEtDSi16dzFWd2N2QXA0dEpJb21nOV9OQW9JUHBjTW1pUW4yeXFtdFE?oc=5,,,
2026-06-30,好決算 株価,Yahoo!ファイナンス,本日注目すべき【好決算】銘柄 ミライニＨＤ、しまむら、バイク王 (29日引け後 発表分)(株探ニュース) - Yahoo!ファイナンス,https://news.google.com/rss/articles/CBMihwFBVV95cUxNeXhTcnNpMWotcWNfbjVtb19zTWdWNWZsdlIzSy1QUXl4Z3ZLOUVwbG9hMVFPV0NLeWJ1eUlqc2dyMEF2bjY1cVBKWnY3ZzJIaDJKeTc4dl9XMVRld3FIb2liaDZCaTR0UjFqQmVYSVAtNGJhQ0tpQXlnMTFraUhDa1RKX1RHbHc?oc=5,,,
2026-07-01,日本株 注目 銘柄,ダイヤモンド・オンライン,【米国株】投資判断が“買い”の｢優良成長株｣の2銘柄！バフェット退任後も高収益の｢バークシャー･ハサウェイ｣、AIインフラで伸びる｢シスコ･システムズ｣に注目 - ダイヤモンド・オンライン,https://news.google.com/rss/articles/CBMiU0FVX3lxTFBpY1I4enRkTFl4aG9qS2Nya21SUE9DNlVIaVZOdVExeVFyUnpqR09SUDRTRjN2V05SOG5jUlhQUk40d0hMclpRSmZ5Ry1Fa2s4Q0I0?oc=5,,,
2026-07-01,日本株 注目 銘柄,四季報オンライン,『会社四季報プロ500』が注目した｢夏号｣有望8テーマ - 四季報オンライン,https://news.google.com/rss/articles/CBMiV0FVX3lxTE9WczExQlg0cWFjWlU5cERISWhuM2VkOXRJMWFqQ1g4LWs4VVczbmVTZzFCUW9XdkVRSHhhLWhzbUJGTkx6QXhrNEVDaW9mQmxPdGFCR3FrWQ?oc=5,,,
2026-07-01,日本株 注目 銘柄,マネックス証券,今から狙うならどの銘柄？半導体関連株の成長期待を探る - マネックス証券,https://news.google.com/rss/articles/CBMiYEFVX3lxTE4zcXdGZDU0VW9fa25nYXJJMHFzNVR4bXUyZS1PdEMzRnpzQmhwSFBKaW9Sa0FPd0VmR3R3NUVFd0FnUXBmdUx3T3ZySk1ULUJObzZDQ0RfSmdfN1ZSWldDbQ?oc=5,,,
2026-07-01,日本株 注目 銘柄,Yahoo!ファイナンス,本日注目の【自社株買い】銘柄 (30日大引け後 発表分)(株探ニュース) - Yahoo!ファイナンス,https://news.google.com/rss/articles/CBMihwFBVV95cUxOYzBCemN4MUR1cGtfd0traENLQ05jdFJMSmdVbUpyQ250dEZKQUtZTkt5OWhXS3FtbUItZU9LYTdtWTFGeF9MYkJ0am5LVzY4Rmo4dEFFRFNUbWgzTGVOS3BnOTNTdXEwLWJycFhZUllCdjhoSk5MMkRFdDBmRUJVQ2xhUmp2bmM?oc=5,,,
2026-07-01,決算 上方修正,マネクリ,【日本株】第1四半期決算で会社計画を上方修正した企業の実力、業績の着地と株価パフォーマンスの両面から検証 - マネクリ,https://news.google.com/rss/articles/CBMiVEFVX3lxTE5oSlJHc0hnVGV1RkRWam1UcVN2b3JqWGxfdmI0azVsSDFIVHp0RGxaM0NfdkIyY1B5QkRYd21LaFZ3dGR0QVdIeFN0XzNJcklmQ1lFS9IBV0FVX3lxTE9yeUh0bWJVZW1NZlJ2OFg1MkFQSHQxOUdlWFY0Y2N5UDRYd1ZkRVE2SXpHQk9hV21PdU5mSld0eGNzVGdiZzVGUGJoUEhONTk0UjRFNWIyVQ?oc=5,,,
2026-07-01,決算 上方修正,Yahoo!ファイナンス,【決算速報】アイビー、今期経常を65％上方修正(株探ニュース) - Yahoo!ファイナンス,https://news.google.com/rss/articles/CBMihwFBVV95cUxNMFEzZzlkWm1kU1ZWRktFcGJpZEthN1RPSEFpaHdGMnJZZ2lIa3ZmdzQ1Wk5sOV9wRDQ4WUZTVHlhSktOSDJkWm5ZZFluQlk5UHdxSjRjYzlVNEZKd2stQVRtSXhwUzdqNDhRcV85OW9fck1Xa1EtY0xoZkdPOFRvTjFNTEg4WDA?oc=5,,,
2026-07-01,決算 上方修正,株探,フイルコン、今期経常を45％上方修正 - 株探,https://news.google.com/rss/articles/CBMiUkFVX3lxTE50VExuQnlDUkhSald0eG55SjRNZXdFbDR2TUdHNUt4NG4xYjlBNm40YnNub1Jqc09Oa2NzaDNxd19TcWtOckN5a3lPNlVLeFdfbFE?oc=5,,,
2026-07-01,決算 上方修正,Yahoo!ファイナンス,【決算速報】平山、前期経常を32％上方修正・最高益予想を上乗せ(株探ニュース) - Yahoo!ファイナンス,https://news.google.com/rss/articles/CBMihwFBVV95cUxNRjk4a2M5RXBOcmFQcU51SVM5d3ZxM3pWQVpzVmVZMV8zUEVpUS1JOGhfOXlUUzdOQTh6OVhrbDF1eExLR2k4V09ZU1ZTM2ROd1dKeUg1QjRNeXhpY1M3bjVmODd6a0V4SnIxSVNYVGNTb2hZTERELTBxWDkyRHJHTFRRdkt5eU0?oc=5,,,
2026-07-01,決算 上方修正,みんかぶ,巴工業、業績好調につき通期利益予想を上方修正し最高益更新へ、期末増配も発表 AI関連事業を次なる柱に - みんかぶ,https://news.google.com/rss/articles/CBMiRkFVX3lxTE1yTXlZSEJCTDFfanpBS20xZGcxQmhpSlFwUE5tUVd3czI0MDk0ZnFpVkUxMnVDcnlQenBaR2RJUkZHdDdFd2c?oc=5,,,
2026-07-01,決算 上方修正,株探,アイビー、今期経常を65％上方修正 - 株探,https://news.google.com/rss/articles/CBMiUkFVX3lxTE5nMTJySWx3ZDZCc0U1NURfVUtpajczZm9ONXJVWGtWenZ5OVZwZFVYRmlhQlB4X2RuS01TSFRTT25VSlcwaHZ6NDBQRlgwUHk2WUE?oc=5,,,
2026-07-01,決算 上方修正,株探,酉島、今期最終を一転19％増益に上方修正・3期ぶり最高益、配当も4円増額 - 株探,https://news.google.com/rss/articles/CBMiUkFVX3lxTE1hQnAyZnVFcmd1dlhEUmoxMlBlNHd3NDRtSE1TR1J0Q3JBbDc4bURJY1BIYjNSSk5ibG5GT3lObVZhUTNibkhjOFZjODJGYXVvZmc?oc=5,,,
2026-07-01,決算 上方修正,Yahoo!ファイナンス,【決算速報】ＱＰＳＨＤ、前期経常を83％上方修正(株探ニュース) - Yahoo!ファイナンス,https://news.google.com/rss/articles/CBMihwFBVV95cUxNUUV6LW9mNUhJWEM5LWxNNzRIb0JXa2IxUVBfR2V4QVE0MGh0dFh6ZGdtT21JbG9Jd0gwNjYzT01QYURxanMwVE41RnZIMThlT05GVzVIWEozblVkZGV4YlJnSWx0ZWhDODA4eS1VTkJPSUtvSTIxVmlTeXFoWEprWW1BMmFzWDQ?oc=5,,,
2026-07-01,半導体 関連株,株探,AI半導体関連の派生テーマとして必見、「プリント基板」に活躍の舞台 ＜株探トップ特集＞ - 株探,https://news.google.com/rss/articles/CBMiYEFVX3lxTE5Dai05VHdlblhTTmx2V2JhaVZ2NXBYLTdSdjdHeGo2Mnk3amVrZ2dfT2V1OEg2OGJTNjZzSzNwaWFtYTVFUy05VEFhdW5KMGZCT1pNM2U5Q2ZQXy1ocDllUw?oc=5,,,
2026-07-01,半導体 関連株,トレーダーズ・ウェブ,〔Market Flash〕半導体関連株に買いの好機？～大和 | 個別記事 | ニュース - トレーダーズ・ウェブ,https://news.google.com/rss/articles/CBMiXEFVX3lxTE5ua0hvb2dabTZKVUs5cDVmZzJCR2djYmVYU0ozUUNvQ1B2OHR5SlFmS011dHZEUjI2SGo2VkN0bk9SUWlWQXVxUVZRYmtlN2R6M1ozb0dNMW80VXEz?oc=5,,,
2026-07-01,半導体 関連株,Yahoo!ニュース,日本株は続伸へ、米半導体株高やリバランス売り一巡－AI関連に買い（Bloomberg） - Yahoo!ニュース,https://news.google.com/rss/articles/CBMif0FVX3lxTE5xb295S0pnSmYxV0U3ZU9aTlRZeGpyakZfSkppdURqN2JzZ2hNUzlUTFhublNzY2JiSU1zN1VVZlpHOHZXemZDbEp4ejUxbzJVcmtJVWItRjRKeWNwZ1RCR01qSmhKeWhRRjRLZ0NSQmotUmR5Y0JRMjBBcXh2QkE?oc=5,,,
2026-07-01,半導体 関連株,四季報オンライン,KOKUSAIELEなど半導体関連が続伸､米国株高が波及 - 四季報オンライン,https://news.google.com/rss/articles/CBMiV0FVX3lxTFA0SmRJS016cXhVVEc1dnJYQzRPMjF3dGdmWlM3T3RPWnRmUzRHYmZDZmdSQlduWmlHczRBbmhUZVE1RjJCc09HVU5fcE1IaGFBYXRnaVozUQ?oc=5,,,
2026-07-01,半導体 関連株,Yahoo!ファイナンス,東京エレクトロン－新高値 米ハイテク株高を好感 半導体関連の買い続く(トレーダーズ・ウェブ) - Yahoo!ファイナンス,https://news.google.com/rss/articles/CBMihwFBVV95cUxNTHpXMThZOXNhTWg2dkhpS01jcERxYlM4Y09janhzelRmUEd3M3N6dzhkZTk4aVlYM3p6Z01wUUVtVUJVcUVfSlhrVUllS1pRTTFYNGcyWnhHWmtUc2g4eUt1UnZoaUN6c2lXeUt4anBpTk1jZnVkc3BaMzFrbkN6UHpLQkk2WE0?oc=5,,,
2026-07-01,半導体 関連株,日本経済新聞,上期の株価上昇率、AI半導体銘柄が席巻 シリコンサイクル見直しで評価一変 ヴェリタスEYE（6月30日） - 日本経済新聞,https://news.google.com/rss/articles/CBMifkFVX3lxTE1MVEN5RmMzOXE0T01xNlhWVlBQZi1XdGFmWlV2bEQ0M1lLOXQweExFbzhqZm5KQk5JYTlYUkdoVC1idFpaV2hZOVpQZGFtbkI0NS1oeXdpdDZLeXhJQ3RZM1ZjYmZKcVg1V0paUFJiclJ4TkRRQjRiYjU1enZfUQ?oc=5,,,
2026-07-01,AI 関連 日本株,株探,前場に注目すべき3つのポイント～フィジカルAI関連への物色に広がり～ - 株探,https://news.google.com/rss/articles/CBMiYEFVX3lxTE5GNHlCZDZLam1ncUs0eVMteWpSWlIyaWhoWjF0ODJsb3NaSlBfZDVxXzFJYUdXa0xhLWhybHloNDdYdi00ejBUaVQ4Tjljd2dNNEthSWNsYlBheExCdzF6WA?oc=5,,,
2026-07-01,AI 関連 日本株,arabnews.jp,日本株はAI関連銘柄の好調で上昇基調を続けているが、米イラン間の膠着状態が重しとなっている - arabnews.jp,https://news.google.com/rss/articles/CBMiZ0FVX3lxTE4zWml0S1p4RWI5bUc1MkIzaVE0NUk3Mk52eXZ2aGFpN2llNG1fSkkwdUdGeGlXTDRoUXlwMlNHcGdNbjhaMUh3cVdhd29VbXRNR0xkUmg5cG9BSmQzNExzdjBnR1FJWkU?oc=5,,,
2026-07-01,AI 関連 日本株,四季報オンライン,1日の日本株は3日続伸､AI関連や機械､銀行など高い - 四季報オンライン,https://news.google.com/rss/articles/CBMiV0FVX3lxTE4xYzcxS1YwNEVCRlZGWDg4Q0NHc1NpTW5ySXJMckwwVk5qTl9FdFpXaWdkSTZUZjNHSzBxLXpWRzZpcmxsSm9ZTnhDT3UyaTFwUlVEblM5VQ?oc=5,,,
2026-07-01,AI 関連 日本株,finance.biggo.jp,フィジカルAI関連に物色広がる、国産AI支援3873億円でファナックや安川電機に関心 - finance.biggo.jp,https://news.google.com/rss/articles/CBMidEFVX3lxTE1YMWdtNWNDRjQ1THZuRlotWEJSQ01JMS0wQ2gyYzdJN3ZET1BLRi1Mb3dGN0ZvY0o5MWRCbVdoVXJNMHMxdWRRR3ZZUkprTEFzVDdzSFl2cW1jZ1BlUFVxN3VfMzlpSmNHT3lVTXZsY2pIMk5K?oc=5,,,
2026-07-01,AI 関連 日本株,トウシル,AIで次に注目すべきはフィジカルAI！モノづくり大国・日本が再び主役になる日 - トウシル,https://news.google.com/rss/articles/CBMiWkFVX3lxTFA4SkRPTi0xRFd0TGFFQzFsYWhITEpwTUZWVnVRYjRZQmU2SGdGS28yRHNuekxMSktGYWdHUXdYNElXa0gtdlBHQUtScnQzeDlYSTk0c2NBWFV4dw?oc=5,,,
2026-07-01,新高値 銘柄,Yahoo!ファイナンス,ETF売買動向＝1日前引け、ＳＳ米高配、ｉＦＥ科創板が新高値(株探ニュース) - Yahoo!ファイナンス,https://news.google.com/rss/articles/CBMihwFBVV95cUxPelR0a2t4Y1lCd3JMaGdaeXRmY2xVZlowWU1IRUxQbk0yWW9PdkJ3T2YyRThIcUl6VkNPZUpvcmMyRDFlbVVLajB4NHBjeE9HNmJJa0x4Sk9fWlVqcW00VG5TQVA5UDBRWVpmdWR3cUhER09sOFdrTTRZd3NsNkpFSklzdi1yV1k?oc=5,,,
2026-07-01,新高値 銘柄,株探,京写は新高値更新、片面プリント基板で世界首位級の小型割安株 - 株探,https://news.google.com/rss/articles/CBMiYEFVX3lxTE01R29sTEI4eUxtX1VGVzBPOUhldnRodi1JSFZpc3N1SW5reFdEY0VQSjYtZkJlV0dteG93bC1Jdk5SUHBBTFBJZ2wwZndEbi15ZTJsZ2NFQmw0T0hIX2R5aw?oc=5,,,
2026-07-01,新高値 銘柄,Moomoo,東京エレクトロン－新高値 米ハイテク株高を好感 半導体関連の買い続く - Moomoo,https://news.google.com/rss/articles/CBMiV0FVX3lxTE5paXpyek92Sk5NZHVnODZubl9YN1ZkOV92OUUzazdxOUh3WTdvSEpJelFVNm11UFZMWUlmdl9Hd2VkSHJCUGxQMS1vQ3BXV01uRXc2SWN1QQ?oc=5,,,
2026-07-01,新高値 銘柄,トレーダーズ・ウェブ,東京エレクトロン－新高値 米ハイテク株高を好感 半導体関連の買い続く | 個別記事 | ニュース - トレーダーズ・ウェブ,https://news.google.com/rss/articles/CBMiV0FVX3lxTE5tYUpuOUVmeVhHUHVqLVpfWmJWWUhvblh3QU1qaWhORHFqZmpPMzFLRFJMSTlYUW9mWHZxcExtVEVwWl80dFBlTWN5a1VhVlZScmVMMEgzRQ?oc=5,,,
2026-07-01,好決算 株価,Yahoo!ファイナンス,本日注目すべき【好決算】銘柄 ＴＯＮＥ、アンドＳＴ、高島屋 (30日引け後 発表分)(株探ニュース) - Yahoo!ファイナンス,https://news.google.com/rss/articles/CBMihwFBVV95cUxNS2ExQ3F6Vnh2Y1hnTlJYX3hyRFBObmtmdUx5YWttVTYtRG1OVlBjMlZCckZLWk5fbTRPU1BSbTJqV2FaNFNVQXBuT1JvdTBUa195R25zUkRSbDdXX1U3bWVKblpTZFVRdXdUclBSRTNfQXRhWFBNVVhSZjFraFhKb3VFNEVZeDQ?oc=5,,,
2026-07-01,好決算 株価,株探,本日注目すべき【好決算】銘柄 タムロン、キャリアデザ (16日引け後 発表分) - 株探,https://news.google.com/rss/articles/CBMiYEFVX3lxTE8wa3V0TW9jR1A5QmZmMkpLdndFVDFKSEVzMzQ2VFVNMGVDcTM4R2xJVHM0MXk5UGVZVFFzQl9zdDRkV3FMOVVZV0MtMzZjV25mZ2FQdWVBYnR5bFd2ZUlRbA?oc=5,,,
2026-07-02,日本株 注目 銘柄,株探,【高配当利回り銘柄】ベスト30 ＜割安株特集＞ 7月1日版 - 株探,https://news.google.com/rss/articles/CBMiYEFVX3lxTE1Ndi00Sy1zc0M4VE5ZelJ5Mno1NWZrYk9aTXIzMFh6SGxKZTBaOFVXZFY5X0RzNUlSQVdIY0FYcmxNdS15NW9BS0hDbDBQMEczYWlFWEZPcnRPX19nVFRoLQ?oc=5,,,
2026-07-02,日本株 注目 銘柄,日本経済新聞,配電制御システムの寺崎電気産業、造船の更新需要が追い風 - 日本経済新聞,https://news.google.com/rss/articles/CBMifkFVX3lxTFBIVG1PNUJXWUQyYlY5MWxMQk56OVM2SDBuc0FuUFk4c3lQNkVNS1V4ZEEwTDVGUk5JSnJtYjVPLUg4VzhxS0lCVi14U0NCN3BUeno5bWJkRFVVWF9INWxKV0laSFRORFdCNUhwNVlsS1dvd3VCXzVJZTBPVkYwZw?oc=5,,,
2026-07-02,日本株 注目 銘柄,Yahoo!ファイナンス,テクニカルで選ぶ注目銘柄：信越化学＝日足一目均衡表の「雲」の上限を突破(ウエルスアドバイザー) - Yahoo!ファイナンス,https://news.google.com/rss/articles/CBMihwFBVV95cUxPczN5enBDSVBqdV9YRWE4a1BvZUoxWG1vRjR4ckpwVnZtVjlvSEY0Um55eDU2QUNQTFBxVDVuZDVnRE90UkNqVWdDdnZGdXlYNFJnOUFyYmE1SHZTUXp5Yks0cHZvT1RUMnh5WmJFaEhic3c5c2o2UUJNcVJtVmRKc29ORkFMa0E?oc=5,,,
2026-07-02,日本株 注目 銘柄,四季報オンライン,｢四季報｣発売！日経平均を牽引する｢外国人が買った銘柄｣50｜会社四季報オンライン - 四季報オンライン,https://news.google.com/rss/articles/CBMiV0FVX3lxTE5IN1lKazNHVF9TZDY2T3loeGNrRVB6clBNbllTMVZSeHQtWVRCZm14dlgxNHBYYUZwREtvRlRncG5kSUpPSUg3QmRVOFdzTGdaS290UVpkQQ?oc=5,,,
2026-07-02,決算 上方修正,株探,ＯＳＧ、上期経常を58％上方修正・7期ぶり最高益更新へ - 株探,https://news.google.com/rss/articles/CBMiUkFVX3lxTFBVVmhzR2VrdE90STlTbUJiVzQyTHlzLThvd2ZxOWxsa29BT0MzeEFNYUdrTkdIc05kYmlOVzNMeEFjNWxJMUh0Yl9BdkJqWi1FRVE?oc=5,,,
2026-07-02,決算 上方修正,Yahoo!ファイナンス,【決算速報】ＯＳＧ、上期経常を58％上方修正・7期ぶり最高益更新へ(株探ニュース) - Yahoo!ファイナンス,https://news.google.com/rss/articles/CBMihwFBVV95cUxQWHZxdzMtMlpycEZ2elBVbDlnMnkwRHZZQUFfM0NIZjRDVmJmY3VGeDB5RVFacldoNVJJSEJ0TGh2VWdXWkVWWTBZa2ZXQjFzQjYtODVMUHBXN21HZ1lxYmwwTFY1bW1TZU5vX3FmNVh1Y1NiejlWa1BXOVBaTHJBSDIzelB5aHc?oc=5,,,
2026-07-02,決算 上方修正,四季報オンライン,7月2日に業績・配当予想を修正した会社はこちら - 四季報オンライン,https://news.google.com/rss/articles/CBMiV0FVX3lxTE9mM2pISWRKT0w4TGVmbTNoV0FiRXhDSFE2aFBuY3JPc1RMYWoxYmp4UTZjS0xnaWtReHZsejZBSVdtM01NLUZfczNHeFhBcHpja3pGWkJqRQ?oc=5,,,
2026-07-02,決算 上方修正,マネクリ,【日本株】第1四半期決算で会社計画を上方修正した企業の実力、業績の着地と株価パフォーマンスの両面から検証 - マネクリ,https://news.google.com/rss/articles/CBMiV0FVX3lxTE9yeUh0bWJVZW1NZlJ2OFg1MkFQSHQxOUdlWFY0Y2N5UDRYd1ZkRVE2SXpHQk9hV21PdU5mSld0eGNzVGdiZzVGUGJoUEhONTk0UjRFNWIyVdIBV0FVX3lxTE9yeUh0bWJVZW1NZlJ2OFg1MkFQSHQxOUdlWFY0Y2N5UDRYd1ZkRVE2SXpHQk9hV21PdU5mSld0eGNzVGdiZzVGUGJoUEhONTk0UjRFNWIyVQ?oc=5,,,
2026-07-02,決算 上方修正,Yahoo!ファイナンス,【決算速報】大有機、上期経常を42％上方修正・4期ぶり最高益、通期も増額、配当も6円増額(株探ニュース) - Yahoo!ファイナンス,https://news.google.com/rss/articles/CBMihwFBVV95cUxNREYtQVFEZWlIME5INTVuYzlCb21SY1JMX3Vyb1I3M2Q5WGF4RHRYWTJybUF4TEk4c3FSVWIteUJNTWR2SFhUSTdhT1A3NFNWX3JEaVBaajV6QjFnX1V3NWVOQ3VqcXF6NnNNQnhQdEtwTlVsU09aZ1g4TXN4Zk1OVlNwUW1aRDg?oc=5,,,
2026-07-02,決算 上方修正,四季報オンライン,｢6月25日～7月1日に業績予想を更新した銘柄｣リスト - 四季報オンライン,https://news.google.com/rss/articles/CBMiV0FVX3lxTE82Y21DWEI4azhuWmJHNG9jTE5lR0xHMUloVFBJYzhTZ0tFc3RqR01HVU15WGFHUDBZNnMzY2JpWGFWa2hiX1ZoRU5hZTNpbXJNanRaOE5iNA?oc=5,,,
2026-07-02,決算 上方修正,株探,酉島、今期最終を一転19％増益に上方修正・3期ぶり最高益、配当も4円増額 - 株探,https://news.google.com/rss/articles/CBMiUkFVX3lxTE1YZEg4WDN1cm9PTF9IeG1uajRDVTh1TE5JYUFuZkhFYWstMEJZQ1RQdVlUa3Z1M3FPTmxQOG5DSDdZYlFJdUxTS0hhM1o1akI0RXc?oc=5,,,
2026-07-02,半導体 関連株,Yahoo!ニュース,キオクシアHDなどAI株急落、米株安やアップル中国製半導体検討（Bloomberg） - Yahoo!ニュース,https://news.google.com/rss/articles/CBMif0FVX3lxTE9ZQVZnMFNhNnc0TnlEWEdRNEFzSzg3VFNjYmJsV05DRnBjNXA5c09DUmxpaW9XZzMzWGdYRE9nUzZvMkJ6N0RhY0VnZTlVVGdWMTVoSURnd1k3T1pJak80eTA3aWdINURMNExlckNybnprOGNrUGNlaEY4X1lfUzg?oc=5,,,
2026-07-02,半導体 関連株,株探,前場に注目すべき3つのポイント～売り一巡後の半導体やAI関連株の底堅さを見極め～ - 株探,https://news.google.com/rss/articles/CBMiYEFVX3lxTFBncHUzajJpY2RLMzJnbzlweFZRcHJFMGg0RzNHQ29XM21NREk5LUZFUDA0Y3BJVklRY1A1T3NQbm9iMDlEakRBUW5CSXZjejgway02Z3NVT0pOSzVjOHhGaA?oc=5,,,
2026-07-02,半導体 関連株,Yahoo!ニュース,東京株、1741円安 6万9000円割れ、半導体関連に売り（時事通信） - Yahoo!ニュース,https://news.google.com/rss/articles/CBMif0FVX3lxTE8xT0NsTGlDXzVXODJ0M05UNmd3c3FrVW5CN05OYnNlOENHaVBnRTk4eUNXT0VyX0FSYllBUmZGMFBleXRkZnhBa2hNZGtfUS00MUp0NG9TT3EwR296SW5xMVpxOEJ1djVLYVh0NS1ZODZETHlCeVVCNXFteHA4bnc?oc=5,,,
2026-07-02,半導体 関連株,日本経済新聞,NYダウ小反落、13ドル安 AIや半導体関連株に売り - 日本経済新聞,https://news.google.com/rss/articles/CBMibEFVX3lxTE5iNXFXV09fX2JDTnNkb21kc1JkWlkwMXZsYTZDWHBteTVOSk81bHMwVzA1eS0wY21FSTVJZ0JOQ0FpU0x3THNrOFlFU3VmRlNxVDlSN3NGb0c0MTJVa2lDSTllaU9RSktTZlpENw?oc=5,,,
2026-07-02,半導体 関連株,SBI証券,AI・半導体で再注目？レアアース関連銘柄5選 - SBI証券,https://news.google.com/rss/articles/CBMiggFBVV95cUxPWmtGdlQ4ZmxIYmY2WndPdWtRS2JSSTdfYWNSXzYtOVJsMVBUWmdjT3R4TWNXekJDUzBsbGgtWW03TDJsQndGam9SZmduR3dJR3QxMlYwQzVEQVNyaThnZi1mT3dYbjlwN0FlaFhVekUydDQweW4zclR2SGh1VHhsQVJn?oc=5,,,
2026-07-02,半導体 関連株,四季報オンライン,これが日米の国策｢量子コンピューター｣関連21銘柄だ - 四季報オンライン,https://news.google.com/rss/articles/CBMiV0FVX3lxTFBxWkxBM1BPVk1abXFWQUg1WnFwOWQ5UndZcUN3U2RxbzdQS3lPejd2MnBpTE1taTdqeHlfZmd2NTRhdGNJQzZQMEs3YThLekdaVm91TDlPVQ?oc=5,,,
2026-07-02,半導体 関連株,Bloomberg.com,キオクシアHDなどAI株急落、米株安やアップル中国製半導体検討 - Bloomberg.com,https://news.google.com/rss/articles/CBMid0FVX3lxTFBIR2Z6THFHeWtUMEdVN194UUV2eUFRR1pGc3I3RFItaVp0aHR0bmNNQmJSekV4aEVzS0VGWU02QkZCUUpfaWZxbUZ1QWFHUXRPNGhMUS1lQ3lUNG1nalRHTFd2a2lNc2lsQ2VvaWlFcC1vMm5SSElR?oc=5,,,
2026-07-02,AI 関連 日本株,日本経済新聞,海外勢の日本株買い、1〜6月最大の9.7兆円 AI関連株に「宝の山」 - 日本経済新聞,https://news.google.com/rss/articles/CBMibEFVX3lxTE9uQ1lZT2xzUGhVWjRaZHZSLV85V19MV2U5dzFkcHZyaUMwckNsU2l1T0JZX2VKUzlwbDJ5cEFYbElkOHprcXRvdUYxRGc4cEtVc3NDOEM1aUV0SU12OW5LTVIzdkNQaUJkOEM4NA?oc=5,,,
2026-07-02,AI 関連 日本株,四季報オンライン,2日寄り付き直後の日経平均は反落､AI関連の一角安い - 四季報オンライン,https://news.google.com/rss/articles/CBMiV0FVX3lxTE5tXy0zMk0xSnJWZXhWaUtXX0w1bkxfczdmd1U3cUtjS3RqajluSFlIX09GUk13LWdnTnZIc2xmZUg3R0I2ajQ2ZUpkbTRlWVltT3VweHFvbw?oc=5,,,
2026-07-02,AI 関連 日本株,ニューズウィーク日本版,日経平均は4日ぶり反落、ＡＩ関連株安で 出遅れ銘柄には買いも - ニューズウィーク日本版,https://news.google.com/rss/articles/CBMiWkFVX3lxTE16VElNV0FNUXlheklkNC1TS3VGRGlSMzZHTkd0TjdpMENINHBnWGlrci0yemc1WWNjR0xIRXc3UW5FemNhV1V6WVI0ZXJ2STJEb2JfZmd0WlJCQQ?oc=5,,,
2026-07-02,AI 関連 日本株,Yahoo!ファイナンス,明日の戦略－AI関連が崩れて4桁下落、雇用統計を受けた米国株の反応に要注目(トレーダーズ・ウェブ) - Yahoo!ファイナンス,https://news.google.com/rss/articles/CBMihwFBVV95cUxPZzRHNzFzWU45dks2RmgwQlRTYmlOd2ZsVEJVTHBQZ0ljT281T1lqbXRoZkxMQ29IUXFYS0VoZkl6ODJRUTZQX2U4cWgybGNJR0NKZEpiRFNOLWFpTDdzRm5BZ1FHVTg4aURTcmdIZVp1VkpVaGl2b2taWGw4MGw1S1phWUFVVzg?oc=5,,,
2026-07-02,AI 関連 日本株,ｄメニューニュース,売り一巡後の半導体やAI関連株の底堅さを見極め - ｄメニューニュース,https://news.google.com/rss/articles/CBMijAFBVV95cUxQd0g1QTdaUHRjVWlxQV9vYkhHSDRqVzR1amdQeXI5LWlickM1cFY5cXVlSE9hZUwxbnJyMEcxQTJITDJfei1hQzVYbklTSWhhR1pQelpuSk00OTZZVzR2MUtBZHRhRktOWnotTTJQaHQ5OW8wMG1wd1JQaXBpRFdfSE1NUW43VXdPcFNsLdIBjAFBVV95cUxQd0g1QTdaUHRjVWlxQV9vYkhHSDRqVzR1amdQeXI5LWlickM1cFY5cXVlSE9hZUwxbnJyMEcxQTJITDJfei1hQzVYbklTSWhhR1pQelpuSk00OTZZVzR2MUtBZHRhRktOWnotTTJQaHQ5OW8wMG1wd1JQaXBpRFdfSE1NUW43VXdPcFNsLQ?oc=5,,,
2026-07-02,新高値 銘柄,Yahoo!ファイナンス,ETF売買動向＝2日前引け、地銀業界改革、ＳＰＤＲ５百が新高値(株探ニュース) - Yahoo!ファイナンス,https://news.google.com/rss/articles/CBMihwFBVV95cUxQUDhtS3VmNlBqdXVWc0RzaDkyeDFsem9qdk9OZzI3WWtxQmFXRk9kZG5VRjdYUm4ycEJoSkdPNkZibXIzdGxmRDNJQ3VQOU5rUUpxdHBPYjJ5RzBlQlF0bDZ2aFdIbm1WUnI1MXRoU0dUM245dk5mQ0sybk1FeUtzVndMWlc1dDQ?oc=5,,,
2026-07-02,新高値 銘柄,Moomoo,新高値目前の米国株と底入れ反発する香港株 - 6月26日及び29日の振り返り - Moomoo,https://news.google.com/rss/articles/CBMimAFBVV95cUxQU1Ixb1NjdU5XNEZpQUF3eHlkYU9wY1VZN3VjUF93UlhPMjNEbHhHWmtsSFFKSmlPaWtleUxfbTFrcnluN0g4RFVRT1dJTlp0ZTJLc0J3Z3BnckpKN1VMbVpORFh2QVdjbXJIcXpuLWota0huSWlEb3hScGcwbVM4N3ZQOHdvT3pFZ0pXNGFUblYyY2kxc0RFZw?oc=5,,,
2026-07-02,増配 自社株買い,日本経済新聞,富士通、営業益19%増 今期、11期連続増配 自社株買い1500億円 - 日本経済新聞,https://news.google.com/rss/articles/CBMiqAFBVV95cUxOa3pnMXI2b0hwU1V6Yk4zR3RBeFFQWnlNc3dGcW9kcVMyMmFoSVYzbkxQZFBzWVN1dXdZY2RVTnBMdjFIWTJnY0dMV2FVVFMta2xWYUpueF9FdU5SekJtSXBBSTBXNm5KU0dwU3FoMmxlU0d2a1hSRUZWQU52elNYa3V5VVFyc3NfazZoeUVMVjA4NlZlYjAxdXF1NFpITEdOQUt1SFRsOW8?oc=5,,,
2026-07-02,好決算 株価,四季報オンライン,"1Q""絶好調""も株価は低迷中､絶好の買い場迎える内需銘柄 - 四季報オンライン",https://news.google.com/rss/articles/CBMiV0FVX3lxTFBpQndzdldJckt3bjd2NEdJdkM0N3NrOHgtdmd1Y05IemJwSk1GeWw5aGNkQmo0VkxQZVkzSTM5U0tEbEZjR2dETU9JX1ByU3lBUXN0c1NTTQ?oc=5,,,
2026-07-02,好決算 株価,Yahoo!ファイナンス,本日注目すべき【好決算】銘柄 酉島、ＱＰＳＨＤ、平山 (1日引け後 発表分)(株探ニュース) - Yahoo!ファイナンス,https://news.google.com/rss/articles/CBMihwFBVV95cUxQMExnWWdsWGNkendSSzRsdTE4bllGSl8tXy01RzRSd2NBQ1Jja3NWbFREb25GNU1hYXM4X05mX05zSFdiTDdJTUt5S1NwU0E2Q2JKYWN5QWhuRVQ1R0M4QzBuNnhjTE5LM2YyWFlocTFMTWdUTU1CS2s2cnRyTGs5aTliYmlGeUk?oc=5,,,
2026-07-02,好決算 株価,Investing.com - FX | 株式市場 | ファイナンス | 金融ニュース,FBN証券、好決算を受けパロアルトネットワークスの目標株価を引き上げ 執筆 - Investing.com - FX | 株式市場 | ファイナンス | 金融ニュース,https://news.google.com/rss/articles/CBMidEFVX3lxTFA3bFpjLVJLQ29RWnBFWWFDcEdSUzZqLW9RekVQNXVQUzQ5b2tEeldBb25jM3Q2TVhXdjlEdHNiNUdjelRFVUlDZWxTeTNpT3U5NzE4azJWZGo2NFRtdVNiRm51amVjYS1jdnNYVnRsemtuaTZF?oc=5,,,
